{
"type": "FeatureCollection",
"name": "GLEBAS_OPR_GEOJSON",
"crs": { "type": "name", "properties": { "name": "urn:ogc:def:crs:OGC:1.3:CRS84" } },
"features": [
{ "type": "Feature", "properties": { "WKT": "POLYGON ((-46.823862 -4.229751,-46.826082 -4.228328,-46.832235 -4.23803,-46.829054 -4.239767,-46.827433 -4.236667,-46.823862 -4.229751))", "polygon_id": "6310246", "#NR_UNCO_OPR": "20212813932421519", "#NRO_PROP": "567604091", "#CD_CLI": "474537614", "#NM_CLI": "MANOEL DELAMAR DOS REIS SOBRAL", "#NR_REF_RCR": "211423226", "#NRO_OPER": "4000110", "#SGL_SIST_RSPV_CNDU": "XER", "#CD_TIP_OBJ_NEG_CRD": "1", "#NR_OBJ_NEG_CRD": "567604091", "#SG_SIS_CDTR": "COP", "#CD_PRF_DEPE_CDTR": "5676", "#NR_SEQL_OBJ_NEG": "1", "#NR_UTZO_GER": "6310246", "#CD_LCZC_ACT_BC": "0", "#COD_MUNC": "15225", "#ARE_IMOV_LCZO_ITEM": "90", "#COD_BEM": "536107294", "#SEQ_CESS_IMOV": "", "#COD_NMRO_ICRA": "", "#CD_CEND": "100000641", "#CD_REG_CAR": "MA21020023126DC77ADB9499187067118D11B0AB9", "#F_CLTE_PROP_PRINC": "474537614" }, "geometry": { "type": "Polygon", "coordinates": [ [ [ -46.823862, -4.229751 ], [ -46.826082, -4.228328 ], [ -46.832235, -4.23803 ], [ -46.829054, -4.239767 ], [ -46.827433, -4.236667 ], [ -46.823862, -4.229751 ] ] ] } },
{ "type": "Feature", "properties": { "WKT": "POLYGON ((-45.798719 -4.035108,-45.806078 -4.03947,-45.803266 -4.042671,-45.79703 -4.038006,-45.798136 -4.035535,-45.798719 -4.035108))", "polygon_id": "6315672", "#NR_UNCO_OPR": "20212784835521625", "#NRO_PROP": "567604095", "#CD_CLI": "515753620", "#NM_CLI": "AGDA MARA DA SILVA REIS", "#NR_REF_RCR": "211448661", "#NRO_OPER": "4000111", "#SGL_SIST_RSPV_CNDU": "XER", "#CD_TIP_OBJ_NEG_CRD": "1", "#NR_OBJ_NEG_CRD": "567604095", "#SG_SIS_CDTR": "COP", "#CD_PRF_DEPE_CDTR": "5676", "#NR_SEQL_OBJ_NEG": "1", "#NR_UTZO_GER": "6315672", "#CD_LCZC_ACT_BC": "0", "#COD_MUNC": "80500", "#ARE_IMOV_LCZO_ITEM": "84", "#COD_BEM": "536202973", "#SEQ_CESS_IMOV": "", "#COD_NMRO_ICRA": "9511027459797", "#CD_CEND": "100000109", "#CD_REG_CAR": "MA21100053B43A50D79E7425AA545937C752AF74C", "#F_CLTE_PROP_PRINC": "515753620" }, "geometry": { "type": "Polygon", "coordinates": [ [ [ -45.798719, -4.035108 ], [ -45.806078, -4.03947 ], [ -45.803266, -4.042671 ], [ -45.79703, -4.038006 ], [ -45.798136, -4.035535 ], [ -45.798719, -4.035108 ] ] ] } },
{ "type": "Feature", "properties": { "WKT": "POLYGON ((-45.875893 -3.854745,-45.87706 -3.856057,-45.879529 -3.858547,-45.87721 -3.860845,-45.872286 -3.857348,-45.875893 -3.854745))", "polygon_id": "6316972", "#NR_UNCO_OPR": "20212723837221947", "#NRO_PROP": "567604094", "#CD_CLI": "469707791", "#NM_CLI": "EZEQUIEL SILVA E SILVA", "#NR_REF_RCR": "211387279", "#NRO_OPER": "4000107", "#SGL_SIST_RSPV_CNDU": "XER", "#CD_TIP_OBJ_NEG_CRD": "1", "#NR_OBJ_NEG_CRD": "567604094", "#SG_SIS_CDTR": "COP", "#CD_PRF_DEPE_CDTR": "5676", "#NR_SEQL_OBJ_NEG": "1", "#NR_UTZO_GER": "6316972", "#CD_LCZC_ACT_BC": "0", "#COD_MUNC": "5586", "#ARE_IMOV_LCZO_ITEM": "98.7", "#COD_BEM": "536084440", "#SEQ_CESS_IMOV": "", "#COD_NMRO_ICRA": "", "#CD_CEND": "100000120", "#CD_REG_CAR": "MA21004775F22820EE3EE4D9E8EA867F16D45488F", "#F_CLTE_PROP_PRINC": "469707791" }, "geometry": { "type": "Polygon", "coordinates": [ [ [ -45.875893, -3.854745 ], [ -45.87706, -3.856057 ], [ -45.879529, -3.858547 ], [ -45.87721, -3.860845 ], [ -45.872286, -3.857348 ], [ -45.875893, -3.854745 ] ] ] } },
{ "type": "Feature", "properties": { "WKT": "POLYGON ((-45.930675 -4.33743,-45.934713 -4.342042,-45.931663 -4.350534,-45.927796 -4.34864,-45.927928 -4.341078,-45.930675 -4.33743,-45.930675 -4.33743,-45.934713 -4.342042,-45.931663 -4.350534,-45.927796 -4.34864,-45.927928 -4.341078,-45.930675 -4.33743))", "polygon_id": "6431964", "#NR_UNCO_OPR": "20213015013121896", "#NRO_PROP": "567604063", "#CD_CLI": "459886740", "#NM_CLI": "ANTONIO EDCARLOS PEREIRA DOS SANTOS", "#NR_REF_RCR": "211571734", "#NRO_OPER": "4000112", "#SGL_SIST_RSPV_CNDU": "XER", "#CD_TIP_OBJ_NEG_CRD": "1", "#NR_OBJ_NEG_CRD": "567604063", "#SG_SIS_CDTR": "COP", "#CD_PRF_DEPE_CDTR": "5676", "#NR_SEQL_OBJ_NEG": "1", "#NR_UTZO_GER": "6431964", "#CD_LCZC_ACT_BC": "0", "#COD_MUNC": "80500", "#ARE_IMOV_LCZO_ITEM": "80.43", "#COD_BEM": "536048449", "#SEQ_CESS_IMOV": "", "#COD_NMRO_ICRA": "", "#CD_CEND": "100002329", "#CD_REG_CAR": "MA211000592240DF551034BBCBB7A0DC9FB9512F8", "#F_CLTE_PROP_PRINC": "459886740" }, "geometry": { "type": "Polygon", "coordinates": [ [ [ -45.930675, -4.33743 ], [ -45.934713, -4.342042 ], [ -45.931663, -4.350534 ], [ -45.927796, -4.34864 ], [ -45.927928, -4.341078 ], [ -45.930675, -4.33743 ], [ -45.930675, -4.33743 ], [ -45.934713, -4.342042 ], [ -45.931663, -4.350534 ], [ -45.927796, -4.34864 ], [ -45.927928, -4.341078 ], [ -45.930675, -4.33743 ] ] ] } },
{ "type": "Feature", "properties": { "WKT": "POLYGON ((-45.948745 -4.339272,-45.948745 -4.339272,-45.946773 -4.333124,-45.946773 -4.333124,-45.949978 -4.331593,-45.949978 -4.331593,-45.952607 -4.33837,-45.952607 -4.33837,-45.948745 -4.339272,-45.948745 -4.339272))", "polygon_id": "6453029", "#NR_UNCO_OPR": "20213286352421312", "#NRO_PROP": "567604067", "#CD_CLI": "459886740", "#NM_CLI": "ANTONIO EDCARLOS PEREIRA DOS SANTOS", "#NR_REF_RCR": "211687285", "#NRO_OPER": "4000113", "#SGL_SIST_RSPV_CNDU": "XER", "#CD_TIP_OBJ_NEG_CRD": "1", "#NR_OBJ_NEG_CRD": "567604067", "#SG_SIS_CDTR": "COP", "#CD_PRF_DEPE_CDTR": "5676", "#NR_SEQL_OBJ_NEG": "1", "#NR_UTZO_GER": "6453029", "#CD_LCZC_ACT_BC": "0", "#COD_MUNC": "80500", "#ARE_IMOV_LCZO_ITEM": "80.43", "#COD_BEM": "536048449", "#SEQ_CESS_IMOV": "", "#COD_NMRO_ICRA": "", "#CD_CEND": "100002329", "#CD_REG_CAR": "MA211000592240DF551034BBCBB7A0DC9FB9512F8", "#F_CLTE_PROP_PRINC": "459886740" }, "geometry": { "type": "Polygon", "coordinates": [ [ [ -45.948745, -4.339272 ], [ -45.948745, -4.339272 ], [ -45.946773, -4.333124 ], [ -45.946773, -4.333124 ], [ -45.949978, -4.331593 ], [ -45.949978, -4.331593 ], [ -45.952607, -4.33837 ], [ -45.952607, -4.33837 ], [ -45.948745, -4.339272 ], [ -45.948745, -4.339272 ] ] ] } },
{ "type": "Feature", "properties": { "WKT": "POLYGON ((-45.948745 -4.339272,-45.948745 -4.339272,-45.946773 -4.333124,-45.946773 -4.333124,-45.949978 -4.331593,-45.949978 -4.331593,-45.952607 -4.33837,-45.952607 -4.33837,-45.948745 -4.339272,-45.948745 -4.339272))", "polygon_id": "6453030", "#NR_UNCO_OPR": "20213286352421312", "#NRO_PROP": "567604067", "#CD_CLI": "459886740", "#NM_CLI": "ANTONIO EDCARLOS PEREIRA DOS SANTOS", "#NR_REF_RCR": "211687285", "#NRO_OPER": "4000113", "#SGL_SIST_RSPV_CNDU": "XER", "#CD_TIP_OBJ_NEG_CRD": "1", "#NR_OBJ_NEG_CRD": "567604067", "#SG_SIS_CDTR": "COP", "#CD_PRF_DEPE_CDTR": "5676", "#NR_SEQL_OBJ_NEG": "2", "#NR_UTZO_GER": "6453030", "#CD_LCZC_ACT_BC": "0", "#COD_MUNC": "80500", "#ARE_IMOV_LCZO_ITEM": "80.43", "#COD_BEM": "536048449", "#SEQ_CESS_IMOV": "", "#COD_NMRO_ICRA": "", "#CD_CEND": "100002329", "#CD_REG_CAR": "MA211000592240DF551034BBCBB7A0DC9FB9512F8", "#F_CLTE_PROP_PRINC": "459886740" }, "geometry": { "type": "Polygon", "coordinates": [ [ [ -45.948745, -4.339272 ], [ -45.948745, -4.339272 ], [ -45.946773, -4.333124 ], [ -45.946773, -4.333124 ], [ -45.949978, -4.331593 ], [ -45.949978, -4.331593 ], [ -45.952607, -4.33837 ], [ -45.952607, -4.33837 ], [ -45.948745, -4.339272 ], [ -45.948745, -4.339272 ] ] ] } },
{ "type": "Feature", "properties": { "WKT": "POLYGON ((-45.948745 -4.339272,-45.948745 -4.339272,-45.946773 -4.333124,-45.946773 -4.333124,-45.949978 -4.331593,-45.949978 -4.331593,-45.952607 -4.33837,-45.952607 -4.33837,-45.948745 -4.339272,-45.948745 -4.339272))", "polygon_id": "6453031", "#NR_UNCO_OPR": "20213286352421312", "#NRO_PROP": "567604067", "#CD_CLI": "459886740", "#NM_CLI": "ANTONIO EDCARLOS PEREIRA DOS SANTOS", "#NR_REF_RCR": "211687285", "#NRO_OPER": "4000113", "#SGL_SIST_RSPV_CNDU": "XER", "#CD_TIP_OBJ_NEG_CRD": "1", "#NR_OBJ_NEG_CRD": "567604067", "#SG_SIS_CDTR": "COP", "#CD_PRF_DEPE_CDTR": "5676", "#NR_SEQL_OBJ_NEG": "5", "#NR_UTZO_GER": "6453031", "#CD_LCZC_ACT_BC": "0", "#COD_MUNC": "80500", "#ARE_IMOV_LCZO_ITEM": "80.43", "#COD_BEM": "536048449", "#SEQ_CESS_IMOV": "", "#COD_NMRO_ICRA": "", "#CD_CEND": "100002329", "#CD_REG_CAR": "MA211000592240DF551034BBCBB7A0DC9FB9512F8", "#F_CLTE_PROP_PRINC": "459886740" }, "geometry": { "type": "Polygon", "coordinates": [ [ [ -45.948745, -4.339272 ], [ -45.948745, -4.339272 ], [ -45.946773, -4.333124 ], [ -45.946773, -4.333124 ], [ -45.949978, -4.331593 ], [ -45.949978, -4.331593 ], [ -45.952607, -4.33837 ], [ -45.952607, -4.33837 ], [ -45.948745, -4.339272 ], [ -45.948745, -4.339272 ] ] ] } },
{ "type": "Feature", "properties": { "WKT": "POLYGON ((-45.803944 -4.052564,-45.803944 -4.052564,-45.800521 -4.047471,-45.800521 -4.047471,-45.804193 -4.044307,-45.804193 -4.044307,-45.805083 -4.04304,-45.805083 -4.04304,-45.809373 -4.04153,-45.809373 -4.04153,-45.809161 -4.045897,-45.809161 -4.045897,-45.807017 -4.049422,-45.807017 -4.049422,-45.803944 -4.052564,-45.803944 -4.052564))", "polygon_id": "6563092", "#NR_UNCO_OPR": "20213286349221706", "#NRO_PROP": "567604145", "#CD_CLI": "515753620", "#NM_CLI": "AGDA MARA DA SILVA REIS", "#NR_REF_RCR": "211688580", "#NRO_OPER": "4000116", "#SGL_SIST_RSPV_CNDU": "XER", "#CD_TIP_OBJ_NEG_CRD": "1", "#NR_OBJ_NEG_CRD": "567604145", "#SG_SIS_CDTR": "COP", "#CD_PRF_DEPE_CDTR": "5676", "#NR_SEQL_OBJ_NEG": "2", "#NR_UTZO_GER": "6563092", "#CD_LCZC_ACT_BC": "0", "#COD_MUNC": "80500", "#ARE_IMOV_LCZO_ITEM": "84", "#COD_BEM": "536202973", "#SEQ_CESS_IMOV": "", "#COD_NMRO_ICRA": "9511027459797", "#CD_CEND": "100000109", "#CD_REG_CAR": "MA21100053B43A50D79E7425AA545937C752AF74C", "#F_CLTE_PROP_PRINC": "515753620" }, "geometry": { "type": "Polygon", "coordinates": [ [ [ -45.803944, -4.052564 ], [ -45.803944, -4.052564 ], [ -45.800521, -4.047471 ], [ -45.800521, -4.047471 ], [ -45.804193, -4.044307 ], [ -45.804193, -4.044307 ], [ -45.805083, -4.04304 ], [ -45.805083, -4.04304 ], [ -45.809373, -4.04153 ], [ -45.809373, -4.04153 ], [ -45.809161, -4.045897 ], [ -45.809161, -4.045897 ], [ -45.807017, -4.049422 ], [ -45.807017, -4.049422 ], [ -45.803944, -4.052564 ], [ -45.803944, -4.052564 ] ] ] } },
{ "type": "Feature", "properties": { "WKT": "POLYGON ((-45.803944 -4.052564,-45.803944 -4.052564,-45.800521 -4.047471,-45.800521 -4.047471,-45.804193 -4.044307,-45.804193 -4.044307,-45.805083 -4.04304,-45.805083 -4.04304,-45.809373 -4.04153,-45.809373 -4.04153,-45.809161 -4.045897,-45.809161 -4.045897,-45.807017 -4.049422,-45.807017 -4.049422,-45.803944 -4.052564,-45.803944 -4.052564))", "polygon_id": "6564070", "#NR_UNCO_OPR": "20213286349221706", "#NRO_PROP": "567604145", "#CD_CLI": "515753620", "#NM_CLI": "AGDA MARA DA SILVA REIS", "#NR_REF_RCR": "211688580", "#NRO_OPER": "4000116", "#SGL_SIST_RSPV_CNDU": "XER", "#CD_TIP_OBJ_NEG_CRD": "1", "#NR_OBJ_NEG_CRD": "567604145", "#SG_SIS_CDTR": "COP", "#CD_PRF_DEPE_CDTR": "5676", "#NR_SEQL_OBJ_NEG": "5", "#NR_UTZO_GER": "6564070", "#CD_LCZC_ACT_BC": "0", "#COD_MUNC": "80500", "#ARE_IMOV_LCZO_ITEM": "84", "#COD_BEM": "536202973", "#SEQ_CESS_IMOV": "", "#COD_NMRO_ICRA": "9511027459797", "#CD_CEND": "100000109", "#CD_REG_CAR": "MA21100053B43A50D79E7425AA545937C752AF74C", "#F_CLTE_PROP_PRINC": "515753620" }, "geometry": { "type": "Polygon", "coordinates": [ [ [ -45.803944, -4.052564 ], [ -45.803944, -4.052564 ], [ -45.800521, -4.047471 ], [ -45.800521, -4.047471 ], [ -45.804193, -4.044307 ], [ -45.804193, -4.044307 ], [ -45.805083, -4.04304 ], [ -45.805083, -4.04304 ], [ -45.809373, -4.04153 ], [ -45.809373, -4.04153 ], [ -45.809161, -4.045897 ], [ -45.809161, -4.045897 ], [ -45.807017, -4.049422 ], [ -45.807017, -4.049422 ], [ -45.803944, -4.052564 ], [ -45.803944, -4.052564 ] ] ] } },
{ "type": "Feature", "properties": { "WKT": "POLYGON ((-45.803944 -4.052564,-45.803944 -4.052564,-45.800521 -4.047471,-45.800521 -4.047471,-45.804193 -4.044307,-45.804193 -4.044307,-45.805083 -4.04304,-45.805083 -4.04304,-45.809373 -4.04153,-45.809373 -4.04153,-45.809161 -4.045897,-45.809161 -4.045897,-45.807017 -4.049422,-45.807017 -4.049422,-45.803944 -4.052564,-45.803944 -4.052564))", "polygon_id": "6564071", "#NR_UNCO_OPR": "20213286349221706", "#NRO_PROP": "567604145", "#CD_CLI": "515753620", "#NM_CLI": "AGDA MARA DA SILVA REIS", "#NR_REF_RCR": "211688580", "#NRO_OPER": "4000116", "#SGL_SIST_RSPV_CNDU": "XER", "#CD_TIP_OBJ_NEG_CRD": "1", "#NR_OBJ_NEG_CRD": "567604145", "#SG_SIS_CDTR": "COP", "#CD_PRF_DEPE_CDTR": "5676", "#NR_SEQL_OBJ_NEG": "4", "#NR_UTZO_GER": "6564071", "#CD_LCZC_ACT_BC": "0", "#COD_MUNC": "80500", "#ARE_IMOV_LCZO_ITEM": "84", "#COD_BEM": "536202973", "#SEQ_CESS_IMOV": "", "#COD_NMRO_ICRA": "9511027459797", "#CD_CEND": "100000109", "#CD_REG_CAR": "MA21100053B43A50D79E7425AA545937C752AF74C", "#F_CLTE_PROP_PRINC": "515753620" }, "geometry": { "type": "Polygon", "coordinates": [ [ [ -45.803944, -4.052564 ], [ -45.803944, -4.052564 ], [ -45.800521, -4.047471 ], [ -45.800521, -4.047471 ], [ -45.804193, -4.044307 ], [ -45.804193, -4.044307 ], [ -45.805083, -4.04304 ], [ -45.805083, -4.04304 ], [ -45.809373, -4.04153 ], [ -45.809373, -4.04153 ], [ -45.809161, -4.045897 ], [ -45.809161, -4.045897 ], [ -45.807017, -4.049422 ], [ -45.807017, -4.049422 ], [ -45.803944, -4.052564 ], [ -45.803944, -4.052564 ] ] ] } },
{ "type": "Feature", "properties": { "WKT": "POLYGON ((-45.754823 -3.7806,-45.754823 -3.7806,-45.759244 -3.78226,-45.759244 -3.78226,-45.761971 -3.779741,-45.761971 -3.779741,-45.76478 -3.784948,-45.76478 -3.784948,-45.760163 -3.788149,-45.760163 -3.788149,-45.755868 -3.785678,-45.755868 -3.785678,-45.754823 -3.7806,-45.754823 -3.7806))", "polygon_id": "6807082", "#NR_UNCO_OPR": "20213583860321760", "#NRO_PROP": "567604149", "#CD_CLI": "469707791", "#NM_CLI": "EZEQUIEL SILVA E SILVA", "#NR_REF_RCR": "211822406", "#NRO_OPER": "4000121", "#SGL_SIST_RSPV_CNDU": "XER", "#CD_TIP_OBJ_NEG_CRD": "1", "#NR_OBJ_NEG_CRD": "567604149", "#SG_SIS_CDTR": "COP", "#CD_PRF_DEPE_CDTR": "5676", "#NR_SEQL_OBJ_NEG": "1", "#NR_UTZO_GER": "6807082", "#CD_LCZC_ACT_BC": "0", "#COD_MUNC": "5586", "#ARE_IMOV_LCZO_ITEM": "98.7", "#COD_BEM": "536084440", "#SEQ_CESS_IMOV": "", "#COD_NMRO_ICRA": "", "#CD_CEND": "100000120", "#CD_REG_CAR": "MA21004775F22820EE3EE4D9E8EA867F16D45488F", "#F_CLTE_PROP_PRINC": "469707791" }, "geometry": { "type": "Polygon", "coordinates": [ [ [ -45.754823, -3.7806 ], [ -45.754823, -3.7806 ], [ -45.759244, -3.78226 ], [ -45.759244, -3.78226 ], [ -45.761971, -3.779741 ], [ -45.761971, -3.779741 ], [ -45.76478, -3.784948 ], [ -45.76478, -3.784948 ], [ -45.760163, -3.788149 ], [ -45.760163, -3.788149 ], [ -45.755868, -3.785678 ], [ -45.755868, -3.785678 ], [ -45.754823, -3.7806 ], [ -45.754823, -3.7806 ] ] ] } },
{ "type": "Feature", "properties": { "WKT": "POLYGON ((-45.754823 -3.7806,-45.754823 -3.7806,-45.759244 -3.78226,-45.759244 -3.78226,-45.761971 -3.779741,-45.761971 -3.779741,-45.76478 -3.784948,-45.76478 -3.784948,-45.760163 -3.788149,-45.760163 -3.788149,-45.755868 -3.785678,-45.755868 -3.785678,-45.754823 -3.7806,-45.754823 -3.7806))", "polygon_id": "6807083", "#NR_UNCO_OPR": "20213583860321760", "#NRO_PROP": "567604149", "#CD_CLI": "469707791", "#NM_CLI": "EZEQUIEL SILVA E SILVA", "#NR_REF_RCR": "211822406", "#NRO_OPER": "4000121", "#SGL_SIST_RSPV_CNDU": "XER", "#CD_TIP_OBJ_NEG_CRD": "1", "#NR_OBJ_NEG_CRD": "567604149", "#SG_SIS_CDTR": "COP", "#CD_PRF_DEPE_CDTR": "5676", "#NR_SEQL_OBJ_NEG": "2", "#NR_UTZO_GER": "6807083", "#CD_LCZC_ACT_BC": "0", "#COD_MUNC": "5586", "#ARE_IMOV_LCZO_ITEM": "98.7", "#COD_BEM": "536084440", "#SEQ_CESS_IMOV": "", "#COD_NMRO_ICRA": "", "#CD_CEND": "100000120", "#CD_REG_CAR": "MA21004775F22820EE3EE4D9E8EA867F16D45488F", "#F_CLTE_PROP_PRINC": "469707791" }, "geometry": { "type": "Polygon", "coordinates": [ [ [ -45.754823, -3.7806 ], [ -45.754823, -3.7806 ], [ -45.759244, -3.78226 ], [ -45.759244, -3.78226 ], [ -45.761971, -3.779741 ], [ -45.761971, -3.779741 ], [ -45.76478, -3.784948 ], [ -45.76478, -3.784948 ], [ -45.760163, -3.788149 ], [ -45.760163, -3.788149 ], [ -45.755868, -3.785678 ], [ -45.755868, -3.785678 ], [ -45.754823, -3.7806 ], [ -45.754823, -3.7806 ] ] ] } },
{ "type": "Feature", "properties": { "WKT": "POLYGON ((-46.82999 -4.237326,-46.82999 -4.237326,-46.828216 -4.243918,-46.828216 -4.243918,-46.824575 -4.24276,-46.824575 -4.24276,-46.821335 -4.241506,-46.821335 -4.241506,-46.828604 -4.232583,-46.828604 -4.232583,-46.82999 -4.237326,-46.82999 -4.237326))", "polygon_id": "7096712", "#NR_UNCO_OPR": "20220695255421449", "#NRO_PROP": "567604216", "#CD_CLI": "474537614", "#NM_CLI": "MANOEL DELAMAR DOS REIS SOBRAL", "#NR_REF_RCR": "220203428", "#NRO_OPER": "4000128", "#SGL_SIST_RSPV_CNDU": "XER", "#CD_TIP_OBJ_NEG_CRD": "1", "#NR_OBJ_NEG_CRD": "567604216", "#SG_SIS_CDTR": "COP", "#CD_PRF_DEPE_CDTR": "5676", "#NR_SEQL_OBJ_NEG": "5", "#NR_UTZO_GER": "7096712", "#CD_LCZC_ACT_BC": "0", "#COD_MUNC": "15225", "#ARE_IMOV_LCZO_ITEM": "90", "#COD_BEM": "536107294", "#SEQ_CESS_IMOV": "", "#COD_NMRO_ICRA": "", "#CD_CEND": "100000641", "#CD_REG_CAR": "MA21020023126DC77ADB9499187067118D11B0AB9", "#F_CLTE_PROP_PRINC": "474537614" }, "geometry": { "type": "Polygon", "coordinates": [ [ [ -46.82999, -4.237326 ], [ -46.82999, -4.237326 ], [ -46.828216, -4.243918 ], [ -46.828216, -4.243918 ], [ -46.824575, -4.24276 ], [ -46.824575, -4.24276 ], [ -46.821335, -4.241506 ], [ -46.821335, -4.241506 ], [ -46.828604, -4.232583 ], [ -46.828604, -4.232583 ], [ -46.82999, -4.237326 ], [ -46.82999, -4.237326 ] ] ] } },
{ "type": "Feature", "properties": { "WKT": "POLYGON ((-46.82999 -4.237326,-46.82999 -4.237326,-46.828216 -4.243918,-46.828216 -4.243918,-46.824575 -4.24276,-46.824575 -4.24276,-46.821335 -4.241506,-46.821335 -4.241506,-46.828604 -4.232583,-46.828604 -4.232583,-46.82999 -4.237326,-46.82999 -4.237326))", "polygon_id": "7096719", "#NR_UNCO_OPR": "20220695255421449", "#NRO_PROP": "567604216", "#CD_CLI": "474537614", "#NM_CLI": "MANOEL DELAMAR DOS REIS SOBRAL", "#NR_REF_RCR": "220203428", "#NRO_OPER": "4000128", "#SGL_SIST_RSPV_CNDU": "XER", "#CD_TIP_OBJ_NEG_CRD": "1", "#NR_OBJ_NEG_CRD": "567604216", "#SG_SIS_CDTR": "COP", "#CD_PRF_DEPE_CDTR": "5676", "#NR_SEQL_OBJ_NEG": "3", "#NR_UTZO_GER": "7096719", "#CD_LCZC_ACT_BC": "0", "#COD_MUNC": "15225", "#ARE_IMOV_LCZO_ITEM": "90", "#COD_BEM": "536107294", "#SEQ_CESS_IMOV": "", "#COD_NMRO_ICRA": "", "#CD_CEND": "100000641", "#CD_REG_CAR": "MA21020023126DC77ADB9499187067118D11B0AB9", "#F_CLTE_PROP_PRINC": "474537614" }, "geometry": { "type": "Polygon", "coordinates": [ [ [ -46.82999, -4.237326 ], [ -46.82999, -4.237326 ], [ -46.828216, -4.243918 ], [ -46.828216, -4.243918 ], [ -46.824575, -4.24276 ], [ -46.824575, -4.24276 ], [ -46.821335, -4.241506 ], [ -46.821335, -4.241506 ], [ -46.828604, -4.232583 ], [ -46.828604, -4.232583 ], [ -46.82999, -4.237326 ], [ -46.82999, -4.237326 ] ] ] } },
{ "type": "Feature", "properties": { "WKT": "POLYGON ((-47.978514 -5.168261,-47.978042 -5.169917,-47.977506 -5.172782,-47.975481 -5.172814,-47.975174 -5.170946,-47.973548 -5.170865,-47.974256 -5.167904,-47.978514 -5.168261))", "polygon_id": "7099128", "#NR_UNCO_OPR": "20220824372921473", "#NRO_PROP": "567604273", "#CD_CLI": "446136090", "#NM_CLI": "ANTONIO FELIPE MEDEIROS CARVALHO", "#NR_REF_RCR": "220275110", "#NRO_OPER": "4000131", "#SGL_SIST_RSPV_CNDU": "XER", "#CD_TIP_OBJ_NEG_CRD": "1", "#NR_OBJ_NEG_CRD": "567604273", "#SG_SIS_CDTR": "COP", "#CD_PRF_DEPE_CDTR": "5676", "#NR_SEQL_OBJ_NEG": "1", "#NR_UTZO_GER": "7099128", "#CD_LCZC_ACT_BC": "0", "#COD_MUNC": "98614", "#ARE_IMOV_LCZO_ITEM": "104.45", "#COD_BEM": "536463961", "#SEQ_CESS_IMOV": "", "#COD_NMRO_ICRA": "", "#CD_CEND": "100001085", "#CD_REG_CAR": "MA211285233E0B4487FB1415490ADF291A13E60FA", "#F_CLTE_PROP_PRINC": "446136090" }, "geometry": { "type": "Polygon", "coordinates": [ [ [ -47.978514, -5.168261 ], [ -47.978042, -5.169917 ], [ -47.977506, -5.172782 ], [ -47.975481, -5.172814 ], [ -47.975174, -5.170946 ], [ -47.973548, -5.170865 ], [ -47.974256, -5.167904 ], [ -47.978514, -5.168261 ] ] ] } },
{ "type": "Feature", "properties": { "WKT": "POLYGON ((-46.82999 -4.237326,-46.82999 -4.237326,-46.828216 -4.243918,-46.828216 -4.243918,-46.824575 -4.24276,-46.824575 -4.24276,-46.821335 -4.241506,-46.821335 -4.241506,-46.828604 -4.232583,-46.828604 -4.232583,-46.82999 -4.237326,-46.82999 -4.237326))", "polygon_id": "7099315", "#NR_UNCO_OPR": "20220695255421449", "#NRO_PROP": "567604216", "#CD_CLI": "474537614", "#NM_CLI": "MANOEL DELAMAR DOS REIS SOBRAL", "#NR_REF_RCR": "220203428", "#NRO_OPER": "4000128", "#SGL_SIST_RSPV_CNDU": "XER", "#CD_TIP_OBJ_NEG_CRD": "1", "#NR_OBJ_NEG_CRD": "567604216", "#SG_SIS_CDTR": "COP", "#CD_PRF_DEPE_CDTR": "5676", "#NR_SEQL_OBJ_NEG": "6", "#NR_UTZO_GER": "7099315", "#CD_LCZC_ACT_BC": "0", "#COD_MUNC": "15225", "#ARE_IMOV_LCZO_ITEM": "90", "#COD_BEM": "536107294", "#SEQ_CESS_IMOV": "", "#COD_NMRO_ICRA": "", "#CD_CEND": "100000641", "#CD_REG_CAR": "MA21020023126DC77ADB9499187067118D11B0AB9", "#F_CLTE_PROP_PRINC": "474537614" }, "geometry": { "type": "Polygon", "coordinates": [ [ [ -46.82999, -4.237326 ], [ -46.82999, -4.237326 ], [ -46.828216, -4.243918 ], [ -46.828216, -4.243918 ], [ -46.824575, -4.24276 ], [ -46.824575, -4.24276 ], [ -46.821335, -4.241506 ], [ -46.821335, -4.241506 ], [ -46.828604, -4.232583 ], [ -46.828604, -4.232583 ], [ -46.82999, -4.237326 ], [ -46.82999, -4.237326 ] ] ] } },
{ "type": "Feature", "properties": { "WKT": "POLYGON ((-45.892619 -4.232716,-45.888421 -4.234731,-45.885419 -4.229762,-45.891569 -4.226782,-45.892619 -4.232716))", "polygon_id": "7402183", "#NR_UNCO_OPR": "20220955595121809", "#NRO_PROP": "567604289", "#CD_CLI": "910204400", "#NM_CLI": "CICERO MOREIRA SOUZA", "#NR_REF_RCR": "220333913", "#NRO_OPER": "4000136", "#SGL_SIST_RSPV_CNDU": "XER", "#CD_TIP_OBJ_NEG_CRD": "1", "#NR_OBJ_NEG_CRD": "567604289", "#SG_SIS_CDTR": "COP", "#CD_PRF_DEPE_CDTR": "5676", "#NR_SEQL_OBJ_NEG": "1", "#NR_UTZO_GER": "7402183", "#CD_LCZC_ACT_BC": "0", "#COD_MUNC": "80500", "#ARE_IMOV_LCZO_ITEM": "109.09", "#COD_BEM": "537391066", "#SEQ_CESS_IMOV": "", "#COD_NMRO_ICRA": "1060700290502", "#CD_CEND": "100002329", "#CD_REG_CAR": "MA21100055B7408226D274C08833A5DBD10118584", "#F_CLTE_PROP_PRINC": "910204400" }, "geometry": { "type": "Polygon", "coordinates": [ [ [ -45.892619, -4.232716 ], [ -45.888421, -4.234731 ], [ -45.885419, -4.229762 ], [ -45.891569, -4.226782 ], [ -45.892619, -4.232716 ] ] ] } },
{ "type": "Feature", "properties": { "WKT": "POLYGON ((-45.892619 -4.232716,-45.892619 -4.232716,-45.888421 -4.234731,-45.888421 -4.234731,-45.885419 -4.229762,-45.885419 -4.229762,-45.891569 -4.226782,-45.891569 -4.226782,-45.892619 -4.232716,-45.892619 -4.232716))", "polygon_id": "7427964", "#NR_UNCO_OPR": "20221094699121147", "#NRO_PROP": "567604292", "#CD_CLI": "910204400", "#NM_CLI": "CICERO MOREIRA SOUZA", "#NR_REF_RCR": "220313202", "#NRO_OPER": "4000132", "#SGL_SIST_RSPV_CNDU": "XER", "#CD_TIP_OBJ_NEG_CRD": "1", "#NR_OBJ_NEG_CRD": "567604292", "#SG_SIS_CDTR": "COP", "#CD_PRF_DEPE_CDTR": "5676", "#NR_SEQL_OBJ_NEG": "2", "#NR_UTZO_GER": "7427964", "#CD_LCZC_ACT_BC": "0", "#COD_MUNC": "80500", "#ARE_IMOV_LCZO_ITEM": "109.09", "#COD_BEM": "537391066", "#SEQ_CESS_IMOV": "", "#COD_NMRO_ICRA": "1060700290502", "#CD_CEND": "100002329", "#CD_REG_CAR": "MA21100055B7408226D274C08833A5DBD10118584", "#F_CLTE_PROP_PRINC": "910204400" }, "geometry": { "type": "Polygon", "coordinates": [ [ [ -45.892619, -4.232716 ], [ -45.892619, -4.232716 ], [ -45.888421, -4.234731 ], [ -45.888421, -4.234731 ], [ -45.885419, -4.229762 ], [ -45.885419, -4.229762 ], [ -45.891569, -4.226782 ], [ -45.891569, -4.226782 ], [ -45.892619, -4.232716 ], [ -45.892619, -4.232716 ] ] ] } },
{ "type": "Feature", "properties": { "WKT": "POLYGON ((-45.892619 -4.232716,-45.892619 -4.232716,-45.888421 -4.234731,-45.888421 -4.234731,-45.885419 -4.229762,-45.885419 -4.229762,-45.891569 -4.226782,-45.891569 -4.226782,-45.892619 -4.232716,-45.892619 -4.232716))", "polygon_id": "7429264", "#NR_UNCO_OPR": "20221094699121147", "#NRO_PROP": "567604292", "#CD_CLI": "910204400", "#NM_CLI": "CICERO MOREIRA SOUZA", "#NR_REF_RCR": "220313202", "#NRO_OPER": "4000132", "#SGL_SIST_RSPV_CNDU": "XER", "#CD_TIP_OBJ_NEG_CRD": "1", "#NR_OBJ_NEG_CRD": "567604292", "#SG_SIS_CDTR": "COP", "#CD_PRF_DEPE_CDTR": "5676", "#NR_SEQL_OBJ_NEG": "1", "#NR_UTZO_GER": "7429264", "#CD_LCZC_ACT_BC": "0", "#COD_MUNC": "80500", "#ARE_IMOV_LCZO_ITEM": "109.09", "#COD_BEM": "537391066", "#SEQ_CESS_IMOV": "", "#COD_NMRO_ICRA": "1060700290502", "#CD_CEND": "100002329", "#CD_REG_CAR": "MA21100055B7408226D274C08833A5DBD10118584", "#F_CLTE_PROP_PRINC": "910204400" }, "geometry": { "type": "Polygon", "coordinates": [ [ [ -45.892619, -4.232716 ], [ -45.892619, -4.232716 ], [ -45.888421, -4.234731 ], [ -45.888421, -4.234731 ], [ -45.885419, -4.229762 ], [ -45.885419, -4.229762 ], [ -45.891569, -4.226782 ], [ -45.891569, -4.226782 ], [ -45.892619, -4.232716 ], [ -45.892619, -4.232716 ] ] ] } },
{ "type": "Feature", "properties": { "WKT": "POLYGON ((-45.892619 -4.232716,-45.892619 -4.232716,-45.888421 -4.234731,-45.888421 -4.234731,-45.885419 -4.229762,-45.885419 -4.229762,-45.891569 -4.226782,-45.891569 -4.226782,-45.892619 -4.232716,-45.892619 -4.232716))", "polygon_id": "7429274", "#NR_UNCO_OPR": "20221094699121147", "#NRO_PROP": "567604292", "#CD_CLI": "910204400", "#NM_CLI": "CICERO MOREIRA SOUZA", "#NR_REF_RCR": "220313202", "#NRO_OPER": "4000132", "#SGL_SIST_RSPV_CNDU": "XER", "#CD_TIP_OBJ_NEG_CRD": "1", "#NR_OBJ_NEG_CRD": "567604292", "#SG_SIS_CDTR": "COP", "#CD_PRF_DEPE_CDTR": "5676", "#NR_SEQL_OBJ_NEG": "5", "#NR_UTZO_GER": "7429274", "#CD_LCZC_ACT_BC": "0", "#COD_MUNC": "80500", "#ARE_IMOV_LCZO_ITEM": "109.09", "#COD_BEM": "537391066", "#SEQ_CESS_IMOV": "", "#COD_NMRO_ICRA": "1060700290502", "#CD_CEND": "100002329", "#CD_REG_CAR": "MA21100055B7408226D274C08833A5DBD10118584", "#F_CLTE_PROP_PRINC": "910204400" }, "geometry": { "type": "Polygon", "coordinates": [ [ [ -45.892619, -4.232716 ], [ -45.892619, -4.232716 ], [ -45.888421, -4.234731 ], [ -45.888421, -4.234731 ], [ -45.885419, -4.229762 ], [ -45.885419, -4.229762 ], [ -45.891569, -4.226782 ], [ -45.891569, -4.226782 ], [ -45.892619, -4.232716 ], [ -45.892619, -4.232716 ] ] ] } },
{ "type": "Feature", "properties": { "WKT": "POLYGON ((-46.501803 -4.247447,-46.501803 -4.247447,-46.495685 -4.246056,-46.495685 -4.246056,-46.490589 -4.238111,-46.490589 -4.238111,-46.499812 -4.238558,-46.499812 -4.238558,-46.501803 -4.247447,-46.501803 -4.247447))", "polygon_id": "7429590", "#NR_UNCO_OPR": "20221085271721315", "#NRO_PROP": "567604293", "#CD_CLI": "34616555", "#NM_CLI": "VALDINAR ALVES SILINO", "#NR_REF_RCR": "220360679", "#NRO_OPER": "4000142", "#SGL_SIST_RSPV_CNDU": "XER", "#CD_TIP_OBJ_NEG_CRD": "1", "#NR_OBJ_NEG_CRD": "567604293", "#SG_SIS_CDTR": "COP", "#CD_PRF_DEPE_CDTR": "5676", "#NR_SEQL_OBJ_NEG": "4", "#NR_UTZO_GER": "7429590", "#CD_LCZC_ACT_BC": "0", "#COD_MUNC": "15505", "#ARE_IMOV_LCZO_ITEM": "113.16", "#COD_BEM": "529958683", "#SEQ_CESS_IMOV": "", "#COD_NMRO_ICRA": "9501907589651", "#CD_CEND": "100000644", "#CD_REG_CAR": "MA21020361CC2ACD3ED5D412283B799880059E325", "#F_CLTE_PROP_PRINC": "34616555" }, "geometry": { "type": "Polygon", "coordinates": [ [ [ -46.501803, -4.247447 ], [ -46.501803, -4.247447 ], [ -46.495685, -4.246056 ], [ -46.495685, -4.246056 ], [ -46.490589, -4.238111 ], [ -46.490589, -4.238111 ], [ -46.499812, -4.238558 ], [ -46.499812, -4.238558 ], [ -46.501803, -4.247447 ], [ -46.501803, -4.247447 ] ] ] } },
{ "type": "Feature", "properties": { "WKT": "POLYGON ((-46.501803 -4.247447,-46.501803 -4.247447,-46.495685 -4.246056,-46.495685 -4.246056,-46.490589 -4.238111,-46.490589 -4.238111,-46.499812 -4.238558,-46.499812 -4.238558,-46.501803 -4.247447,-46.501803 -4.247447))", "polygon_id": "7429596", "#NR_UNCO_OPR": "20221085271721315", "#NRO_PROP": "567604293", "#CD_CLI": "34616555", "#NM_CLI": "VALDINAR ALVES SILINO", "#NR_REF_RCR": "220360679", "#NRO_OPER": "4000142", "#SGL_SIST_RSPV_CNDU": "XER", "#CD_TIP_OBJ_NEG_CRD": "1", "#NR_OBJ_NEG_CRD": "567604293", "#SG_SIS_CDTR": "COP", "#CD_PRF_DEPE_CDTR": "5676", "#NR_SEQL_OBJ_NEG": "5", "#NR_UTZO_GER": "7429596", "#CD_LCZC_ACT_BC": "0", "#COD_MUNC": "15505", "#ARE_IMOV_LCZO_ITEM": "113.16", "#COD_BEM": "529958683", "#SEQ_CESS_IMOV": "", "#COD_NMRO_ICRA": "9501907589651", "#CD_CEND": "100000644", "#CD_REG_CAR": "MA21020361CC2ACD3ED5D412283B799880059E325", "#F_CLTE_PROP_PRINC": "34616555" }, "geometry": { "type": "Polygon", "coordinates": [ [ [ -46.501803, -4.247447 ], [ -46.501803, -4.247447 ], [ -46.495685, -4.246056 ], [ -46.495685, -4.246056 ], [ -46.490589, -4.238111 ], [ -46.490589, -4.238111 ], [ -46.499812, -4.238558 ], [ -46.499812, -4.238558 ], [ -46.501803, -4.247447 ], [ -46.501803, -4.247447 ] ] ] } },
{ "type": "Feature", "properties": { "WKT": "POLYGON ((-46.501803 -4.247447,-46.501803 -4.247447,-46.495685 -4.246056,-46.495685 -4.246056,-46.490589 -4.238111,-46.490589 -4.238111,-46.499812 -4.238558,-46.499812 -4.238558,-46.501803 -4.247447,-46.501803 -4.247447))", "polygon_id": "7429610", "#NR_UNCO_OPR": "20221085271721315", "#NRO_PROP": "567604293", "#CD_CLI": "34616555", "#NM_CLI": "VALDINAR ALVES SILINO", "#NR_REF_RCR": "220360679", "#NRO_OPER": "4000142", "#SGL_SIST_RSPV_CNDU": "XER", "#CD_TIP_OBJ_NEG_CRD": "1", "#NR_OBJ_NEG_CRD": "567604293", "#SG_SIS_CDTR": "COP", "#CD_PRF_DEPE_CDTR": "5676", "#NR_SEQL_OBJ_NEG": "3", "#NR_UTZO_GER": "7429610", "#CD_LCZC_ACT_BC": "0", "#COD_MUNC": "15505", "#ARE_IMOV_LCZO_ITEM": "113.16", "#COD_BEM": "529958683", "#SEQ_CESS_IMOV": "", "#COD_NMRO_ICRA": "9501907589651", "#CD_CEND": "100000644", "#CD_REG_CAR": "MA21020361CC2ACD3ED5D412283B799880059E325", "#F_CLTE_PROP_PRINC": "34616555" }, "geometry": { "type": "Polygon", "coordinates": [ [ [ -46.501803, -4.247447 ], [ -46.501803, -4.247447 ], [ -46.495685, -4.246056 ], [ -46.495685, -4.246056 ], [ -46.490589, -4.238111 ], [ -46.490589, -4.238111 ], [ -46.499812, -4.238558 ], [ -46.499812, -4.238558 ], [ -46.501803, -4.247447 ], [ -46.501803, -4.247447 ] ] ] } },
{ "type": "Feature", "properties": { "WKT": "POLYGON ((-45.832413 -4.238963,-45.832413 -4.238963,-45.83037 -4.241798,-45.83037 -4.241798,-45.825995 -4.238992,-45.825995 -4.238992,-45.82804 -4.236163,-45.82804 -4.236163,-45.832413 -4.238963,-45.832413 -4.238963))", "polygon_id": "7429704", "#NR_UNCO_OPR": "20221175415521665", "#NRO_PROP": "567604294", "#CD_CLI": "505660370", "#NM_CLI": "ANTONIO MANOEL DE SOUSA", "#NR_REF_RCR": "220392714", "#NRO_OPER": "4000148", "#SGL_SIST_RSPV_CNDU": "XER", "#CD_TIP_OBJ_NEG_CRD": "1", "#NR_OBJ_NEG_CRD": "567604294", "#SG_SIS_CDTR": "COP", "#CD_PRF_DEPE_CDTR": "5676", "#NR_SEQL_OBJ_NEG": "1", "#NR_UTZO_GER": "7429704", "#CD_LCZC_ACT_BC": "0", "#COD_MUNC": "80500", "#ARE_IMOV_LCZO_ITEM": "141.79", "#COD_BEM": "536894018", "#SEQ_CESS_IMOV": "", "#COD_NMRO_ICRA": "9501573253177", "#CD_CEND": "100002334", "#CD_REG_CAR": "MA211000585BD2280253545FEA66C8D6EC630CC84", "#F_CLTE_PROP_PRINC": "505660370" }, "geometry": { "type": "Polygon", "coordinates": [ [ [ -45.832413, -4.238963 ], [ -45.832413, -4.238963 ], [ -45.83037, -4.241798 ], [ -45.83037, -4.241798 ], [ -45.825995, -4.238992 ], [ -45.825995, -4.238992 ], [ -45.82804, -4.236163 ], [ -45.82804, -4.236163 ], [ -45.832413, -4.238963 ], [ -45.832413, -4.238963 ] ] ] } },
{ "type": "Feature", "properties": { "WKT": "POLYGON ((-45.832413 -4.238963,-45.832413 -4.238963,-45.83037 -4.241798,-45.83037 -4.241798,-45.825995 -4.238992,-45.825995 -4.238992,-45.82804 -4.236163,-45.82804 -4.236163,-45.832413 -4.238963,-45.832413 -4.238963))", "polygon_id": "7429720", "#NR_UNCO_OPR": "20221175415521665", "#NRO_PROP": "567604294", "#CD_CLI": "505660370", "#NM_CLI": "ANTONIO MANOEL DE SOUSA", "#NR_REF_RCR": "220392714", "#NRO_OPER": "4000148", "#SGL_SIST_RSPV_CNDU": "XER", "#CD_TIP_OBJ_NEG_CRD": "1", "#NR_OBJ_NEG_CRD": "567604294", "#SG_SIS_CDTR": "COP", "#CD_PRF_DEPE_CDTR": "5676", "#NR_SEQL_OBJ_NEG": "5", "#NR_UTZO_GER": "7429720", "#CD_LCZC_ACT_BC": "0", "#COD_MUNC": "80500", "#ARE_IMOV_LCZO_ITEM": "141.79", "#COD_BEM": "536894018", "#SEQ_CESS_IMOV": "", "#COD_NMRO_ICRA": "9501573253177", "#CD_CEND": "100002334", "#CD_REG_CAR": "MA211000585BD2280253545FEA66C8D6EC630CC84", "#F_CLTE_PROP_PRINC": "505660370" }, "geometry": { "type": "Polygon", "coordinates": [ [ [ -45.832413, -4.238963 ], [ -45.832413, -4.238963 ], [ -45.83037, -4.241798 ], [ -45.83037, -4.241798 ], [ -45.825995, -4.238992 ], [ -45.825995, -4.238992 ], [ -45.82804, -4.236163 ], [ -45.82804, -4.236163 ], [ -45.832413, -4.238963 ], [ -45.832413, -4.238963 ] ] ] } },
{ "type": "Feature", "properties": { "WKT": "POLYGON ((-45.857628 -4.381385,-45.857628 -4.381385,-45.855237 -4.377469,-45.855237 -4.377469,-45.856667 -4.37162,-45.856667 -4.37162,-45.861477 -4.373819,-45.861477 -4.373819,-45.859261 -4.375995,-45.859261 -4.375995,-45.857628 -4.381385,-45.857628 -4.381385))", "polygon_id": "7429877", "#NR_UNCO_OPR": "20221035134321590", "#NRO_PROP": "567604295", "#CD_CLI": "505967315", "#NM_CLI": "FRANCINALDO MORAIS SILVA", "#NR_REF_RCR": "220313203", "#NRO_OPER": "4000133", "#SGL_SIST_RSPV_CNDU": "XER", "#CD_TIP_OBJ_NEG_CRD": "1", "#NR_OBJ_NEG_CRD": "567604295", "#SG_SIS_CDTR": "COP", "#CD_PRF_DEPE_CDTR": "5676", "#NR_SEQL_OBJ_NEG": "5", "#NR_UTZO_GER": "7429877", "#CD_LCZC_ACT_BC": "0", "#COD_MUNC": "80500", "#ARE_IMOV_LCZO_ITEM": "60", "#COD_BEM": "536422409", "#SEQ_CESS_IMOV": "", "#COD_NMRO_ICRA": "", "#CD_CEND": "100002334", "#CD_REG_CAR": "MA2110005DD57AB271C5A4FBEBD3AAB5809025548", "#F_CLTE_PROP_PRINC": "505967315" }, "geometry": { "type": "Polygon", "coordinates": [ [ [ -45.857628, -4.381385 ], [ -45.857628, -4.381385 ], [ -45.855237, -4.377469 ], [ -45.855237, -4.377469 ], [ -45.856667, -4.37162 ], [ -45.856667, -4.37162 ], [ -45.861477, -4.373819 ], [ -45.861477, -4.373819 ], [ -45.859261, -4.375995 ], [ -45.859261, -4.375995 ], [ -45.857628, -4.381385 ], [ -45.857628, -4.381385 ] ] ] } },
{ "type": "Feature", "properties": { "WKT": "POLYGON ((-45.941075 -4.253621,-45.939806 -4.254933,-45.937296 -4.254862,-45.935192 -4.254905,-45.927124 -4.247392,-45.928608 -4.242911,-45.941075 -4.253621))", "polygon_id": "7429910", "#NR_UNCO_OPR": "20220976094121847", "#NRO_PROP": "567604296", "#CD_CLI": "846114702", "#NM_CLI": "ANA VYCTORIA NASCIMENTO TEIXEIRA", "#NR_REF_RCR": "220314708", "#NRO_OPER": "4000135", "#SGL_SIST_RSPV_CNDU": "XER", "#CD_TIP_OBJ_NEG_CRD": "1", "#NR_OBJ_NEG_CRD": "567604296", "#SG_SIS_CDTR": "COP", "#CD_PRF_DEPE_CDTR": "5676", "#NR_SEQL_OBJ_NEG": "4", "#NR_UTZO_GER": "7429910", "#CD_LCZC_ACT_BC": "0", "#COD_MUNC": "80500", "#ARE_IMOV_LCZO_ITEM": "139", "#COD_BEM": "537446481", "#SEQ_CESS_IMOV": "1", "#COD_NMRO_ICRA": "0511293504943", "#CD_CEND": "100002336", "#CD_REG_CAR": "MA2110005BF0ECE221285425DA83C0E85BFE579B1", "#F_CLTE_PROP_PRINC": "468221519" }, "geometry": { "type": "Polygon", "coordinates": [ [ [ -45.941075, -4.253621 ], [ -45.939806, -4.254933 ], [ -45.937296, -4.254862 ], [ -45.935192, -4.254905 ], [ -45.927124, -4.247392 ], [ -45.928608, -4.242911 ], [ -45.941075, -4.253621 ] ] ] } },
{ "type": "Feature", "properties": { "WKT": "POLYGON ((-45.832413 -4.238963,-45.832413 -4.238963,-45.83037 -4.241798,-45.83037 -4.241798,-45.825995 -4.238992,-45.825995 -4.238992,-45.82804 -4.236163,-45.82804 -4.236163,-45.832413 -4.238963,-45.832413 -4.238963))", "polygon_id": "7430351", "#NR_UNCO_OPR": "20221175415521665", "#NRO_PROP": "567604294", "#CD_CLI": "505660370", "#NM_CLI": "ANTONIO MANOEL DE SOUSA", "#NR_REF_RCR": "220392714", "#NRO_OPER": "4000148", "#SGL_SIST_RSPV_CNDU": "XER", "#CD_TIP_OBJ_NEG_CRD": "1", "#NR_OBJ_NEG_CRD": "567604294", "#SG_SIS_CDTR": "COP", "#CD_PRF_DEPE_CDTR": "5676", "#NR_SEQL_OBJ_NEG": "2", "#NR_UTZO_GER": "7430351", "#CD_LCZC_ACT_BC": "0", "#COD_MUNC": "80500", "#ARE_IMOV_LCZO_ITEM": "141.79", "#COD_BEM": "536894018", "#SEQ_CESS_IMOV": "", "#COD_NMRO_ICRA": "9501573253177", "#CD_CEND": "100002334", "#CD_REG_CAR": "MA211000585BD2280253545FEA66C8D6EC630CC84", "#F_CLTE_PROP_PRINC": "505660370" }, "geometry": { "type": "Polygon", "coordinates": [ [ [ -45.832413, -4.238963 ], [ -45.832413, -4.238963 ], [ -45.83037, -4.241798 ], [ -45.83037, -4.241798 ], [ -45.825995, -4.238992 ], [ -45.825995, -4.238992 ], [ -45.82804, -4.236163 ], [ -45.82804, -4.236163 ], [ -45.832413, -4.238963 ], [ -45.832413, -4.238963 ] ] ] } },
{ "type": "Feature", "properties": { "WKT": "POLYGON ((-45.857628 -4.381385,-45.857628 -4.381385,-45.855237 -4.377469,-45.855237 -4.377469,-45.856667 -4.37162,-45.856667 -4.37162,-45.861477 -4.373819,-45.861477 -4.373819,-45.859261 -4.375995,-45.859261 -4.375995,-45.857628 -4.381385,-45.857628 -4.381385))", "polygon_id": "7430433", "#NR_UNCO_OPR": "20221035134321590", "#NRO_PROP": "567604295", "#CD_CLI": "505967315", "#NM_CLI": "FRANCINALDO MORAIS SILVA", "#NR_REF_RCR": "220313203", "#NRO_OPER": "4000133", "#SGL_SIST_RSPV_CNDU": "XER", "#CD_TIP_OBJ_NEG_CRD": "1", "#NR_OBJ_NEG_CRD": "567604295", "#SG_SIS_CDTR": "COP", "#CD_PRF_DEPE_CDTR": "5676", "#NR_SEQL_OBJ_NEG": "1", "#NR_UTZO_GER": "7430433", "#CD_LCZC_ACT_BC": "0", "#COD_MUNC": "80500", "#ARE_IMOV_LCZO_ITEM": "60", "#COD_BEM": "536422409", "#SEQ_CESS_IMOV": "", "#COD_NMRO_ICRA": "", "#CD_CEND": "100002334", "#CD_REG_CAR": "MA2110005DD57AB271C5A4FBEBD3AAB5809025548", "#F_CLTE_PROP_PRINC": "505967315" }, "geometry": { "type": "Polygon", "coordinates": [ [ [ -45.857628, -4.381385 ], [ -45.857628, -4.381385 ], [ -45.855237, -4.377469 ], [ -45.855237, -4.377469 ], [ -45.856667, -4.37162 ], [ -45.856667, -4.37162 ], [ -45.861477, -4.373819 ], [ -45.861477, -4.373819 ], [ -45.859261, -4.375995 ], [ -45.859261, -4.375995 ], [ -45.857628, -4.381385 ], [ -45.857628, -4.381385 ] ] ] } },
{ "type": "Feature", "properties": { "WKT": "POLYGON ((-45.857628 -4.381385,-45.857628 -4.381385,-45.855237 -4.377469,-45.855237 -4.377469,-45.856667 -4.37162,-45.856667 -4.37162,-45.861477 -4.373819,-45.861477 -4.373819,-45.859261 -4.375995,-45.859261 -4.375995,-45.857628 -4.381385,-45.857628 -4.381385))", "polygon_id": "7430437", "#NR_UNCO_OPR": "20221035134321590", "#NRO_PROP": "567604295", "#CD_CLI": "505967315", "#NM_CLI": "FRANCINALDO MORAIS SILVA", "#NR_REF_RCR": "220313203", "#NRO_OPER": "4000133", "#SGL_SIST_RSPV_CNDU": "XER", "#CD_TIP_OBJ_NEG_CRD": "1", "#NR_OBJ_NEG_CRD": "567604295", "#SG_SIS_CDTR": "COP", "#CD_PRF_DEPE_CDTR": "5676", "#NR_SEQL_OBJ_NEG": "6", "#NR_UTZO_GER": "7430437", "#CD_LCZC_ACT_BC": "0", "#COD_MUNC": "80500", "#ARE_IMOV_LCZO_ITEM": "60", "#COD_BEM": "536422409", "#SEQ_CESS_IMOV": "", "#COD_NMRO_ICRA": "", "#CD_CEND": "100002334", "#CD_REG_CAR": "MA2110005DD57AB271C5A4FBEBD3AAB5809025548", "#F_CLTE_PROP_PRINC": "505967315" }, "geometry": { "type": "Polygon", "coordinates": [ [ [ -45.857628, -4.381385 ], [ -45.857628, -4.381385 ], [ -45.855237, -4.377469 ], [ -45.855237, -4.377469 ], [ -45.856667, -4.37162 ], [ -45.856667, -4.37162 ], [ -45.861477, -4.373819 ], [ -45.861477, -4.373819 ], [ -45.859261, -4.375995 ], [ -45.859261, -4.375995 ], [ -45.857628, -4.381385 ], [ -45.857628, -4.381385 ] ] ] } },
{ "type": "Feature", "properties": { "WKT": "POLYGON ((-45.941075 -4.253621,-45.941075 -4.253621,-45.939806 -4.254933,-45.939806 -4.254933,-45.937296 -4.254862,-45.937296 -4.254862,-45.935192 -4.254905,-45.935192 -4.254905,-45.927124 -4.247392,-45.927124 -4.247392,-45.928608 -4.242911,-45.928608 -4.242911,-45.941075 -4.253621,-45.941075 -4.253621))", "polygon_id": "7430460", "#NR_UNCO_OPR": "20220976094121847", "#NRO_PROP": "567604296", "#CD_CLI": "846114702", "#NM_CLI": "ANA VYCTORIA NASCIMENTO TEIXEIRA", "#NR_REF_RCR": "220314708", "#NRO_OPER": "4000135", "#SGL_SIST_RSPV_CNDU": "XER", "#CD_TIP_OBJ_NEG_CRD": "1", "#NR_OBJ_NEG_CRD": "567604296", "#SG_SIS_CDTR": "COP", "#CD_PRF_DEPE_CDTR": "5676", "#NR_SEQL_OBJ_NEG": "5", "#NR_UTZO_GER": "7430460", "#CD_LCZC_ACT_BC": "0", "#COD_MUNC": "80500", "#ARE_IMOV_LCZO_ITEM": "139", "#COD_BEM": "537446481", "#SEQ_CESS_IMOV": "1", "#COD_NMRO_ICRA": "0511293504943", "#CD_CEND": "100002336", "#CD_REG_CAR": "MA2110005BF0ECE221285425DA83C0E85BFE579B1", "#F_CLTE_PROP_PRINC": "468221519" }, "geometry": { "type": "Polygon", "coordinates": [ [ [ -45.941075, -4.253621 ], [ -45.941075, -4.253621 ], [ -45.939806, -4.254933 ], [ -45.939806, -4.254933 ], [ -45.937296, -4.254862 ], [ -45.937296, -4.254862 ], [ -45.935192, -4.254905 ], [ -45.935192, -4.254905 ], [ -45.927124, -4.247392 ], [ -45.927124, -4.247392 ], [ -45.928608, -4.242911 ], [ -45.928608, -4.242911 ], [ -45.941075, -4.253621 ], [ -45.941075, -4.253621 ] ] ] } },
{ "type": "Feature", "properties": { "WKT": "POLYGON ((-45.941075 -4.253621,-45.941075 -4.253621,-45.939806 -4.254933,-45.939806 -4.254933,-45.937296 -4.254862,-45.937296 -4.254862,-45.935192 -4.254905,-45.935192 -4.254905,-45.927124 -4.247392,-45.927124 -4.247392,-45.928608 -4.242911,-45.928608 -4.242911,-45.941075 -4.253621,-45.941075 -4.253621))", "polygon_id": "7430465", "#NR_UNCO_OPR": "20220976094121847", "#NRO_PROP": "567604296", "#CD_CLI": "846114702", "#NM_CLI": "ANA VYCTORIA NASCIMENTO TEIXEIRA", "#NR_REF_RCR": "220314708", "#NRO_OPER": "4000135", "#SGL_SIST_RSPV_CNDU": "XER", "#CD_TIP_OBJ_NEG_CRD": "1", "#NR_OBJ_NEG_CRD": "567604296", "#SG_SIS_CDTR": "COP", "#CD_PRF_DEPE_CDTR": "5676", "#NR_SEQL_OBJ_NEG": "3", "#NR_UTZO_GER": "7430465", "#CD_LCZC_ACT_BC": "0", "#COD_MUNC": "80500", "#ARE_IMOV_LCZO_ITEM": "139", "#COD_BEM": "537446481", "#SEQ_CESS_IMOV": "1", "#COD_NMRO_ICRA": "0511293504943", "#CD_CEND": "100002336", "#CD_REG_CAR": "MA2110005BF0ECE221285425DA83C0E85BFE579B1", "#F_CLTE_PROP_PRINC": "468221519" }, "geometry": { "type": "Polygon", "coordinates": [ [ [ -45.941075, -4.253621 ], [ -45.941075, -4.253621 ], [ -45.939806, -4.254933 ], [ -45.939806, -4.254933 ], [ -45.937296, -4.254862 ], [ -45.937296, -4.254862 ], [ -45.935192, -4.254905 ], [ -45.935192, -4.254905 ], [ -45.927124, -4.247392 ], [ -45.927124, -4.247392 ], [ -45.928608, -4.242911 ], [ -45.928608, -4.242911 ], [ -45.941075, -4.253621 ], [ -45.941075, -4.253621 ] ] ] } },
{ "type": "Feature", "properties": { "WKT": "POLYGON ((-45.930675 -4.33743,-45.930675 -4.33743,-45.934713 -4.342042,-45.934713 -4.342042,-45.931663 -4.350534,-45.931663 -4.350534,-45.927796 -4.34864,-45.927796 -4.34864,-45.927928 -4.341078,-45.927928 -4.341078,-45.930675 -4.33743,-45.930675 -4.33743))", "polygon_id": "7432060", "#NR_UNCO_OPR": "20221035255921816", "#NRO_PROP": "567604300", "#CD_CLI": "459886740", "#NM_CLI": "ANTONIO EDCARLOS PEREIRA DOS SANTOS", "#NR_REF_RCR": "220360677", "#NRO_OPER": "4000143", "#SGL_SIST_RSPV_CNDU": "XER", "#CD_TIP_OBJ_NEG_CRD": "1", "#NR_OBJ_NEG_CRD": "567604300", "#SG_SIS_CDTR": "COP", "#CD_PRF_DEPE_CDTR": "5676", "#NR_SEQL_OBJ_NEG": "2", "#NR_UTZO_GER": "7432060", "#CD_LCZC_ACT_BC": "0", "#COD_MUNC": "80500", "#ARE_IMOV_LCZO_ITEM": "80.43", "#COD_BEM": "536048449", "#SEQ_CESS_IMOV": "", "#COD_NMRO_ICRA": "", "#CD_CEND": "100002329", "#CD_REG_CAR": "MA211000592240DF551034BBCBB7A0DC9FB9512F8", "#F_CLTE_PROP_PRINC": "459886740" }, "geometry": { "type": "Polygon", "coordinates": [ [ [ -45.930675, -4.33743 ], [ -45.930675, -4.33743 ], [ -45.934713, -4.342042 ], [ -45.934713, -4.342042 ], [ -45.931663, -4.350534 ], [ -45.931663, -4.350534 ], [ -45.927796, -4.34864 ], [ -45.927796, -4.34864 ], [ -45.927928, -4.341078 ], [ -45.927928, -4.341078 ], [ -45.930675, -4.33743 ], [ -45.930675, -4.33743 ] ] ] } },
{ "type": "Feature", "properties": { "WKT": "POLYGON ((-45.930675 -4.33743,-45.930675 -4.33743,-45.934713 -4.342042,-45.934713 -4.342042,-45.931663 -4.350534,-45.931663 -4.350534,-45.927796 -4.34864,-45.927796 -4.34864,-45.927928 -4.341078,-45.927928 -4.341078,-45.930675 -4.33743,-45.930675 -4.33743))", "polygon_id": "7432222", "#NR_UNCO_OPR": "20221035255921816", "#NRO_PROP": "567604300", "#CD_CLI": "459886740", "#NM_CLI": "ANTONIO EDCARLOS PEREIRA DOS SANTOS", "#NR_REF_RCR": "220360677", "#NRO_OPER": "4000143", "#SGL_SIST_RSPV_CNDU": "XER", "#CD_TIP_OBJ_NEG_CRD": "1", "#NR_OBJ_NEG_CRD": "567604300", "#SG_SIS_CDTR": "COP", "#CD_PRF_DEPE_CDTR": "5676", "#NR_SEQL_OBJ_NEG": "1", "#NR_UTZO_GER": "7432222", "#CD_LCZC_ACT_BC": "0", "#COD_MUNC": "80500", "#ARE_IMOV_LCZO_ITEM": "80.43", "#COD_BEM": "536048449", "#SEQ_CESS_IMOV": "", "#COD_NMRO_ICRA": "", "#CD_CEND": "100002329", "#CD_REG_CAR": "MA211000592240DF551034BBCBB7A0DC9FB9512F8", "#F_CLTE_PROP_PRINC": "459886740" }, "geometry": { "type": "Polygon", "coordinates": [ [ [ -45.930675, -4.33743 ], [ -45.930675, -4.33743 ], [ -45.934713, -4.342042 ], [ -45.934713, -4.342042 ], [ -45.931663, -4.350534 ], [ -45.931663, -4.350534 ], [ -45.927796, -4.34864 ], [ -45.927796, -4.34864 ], [ -45.927928, -4.341078 ], [ -45.927928, -4.341078 ], [ -45.930675, -4.33743 ], [ -45.930675, -4.33743 ] ] ] } },
{ "type": "Feature", "properties": { "WKT": "POLYGON ((-45.930675 -4.33743,-45.930675 -4.33743,-45.934713 -4.342042,-45.934713 -4.342042,-45.931663 -4.350534,-45.931663 -4.350534,-45.927796 -4.34864,-45.927796 -4.34864,-45.927928 -4.341078,-45.927928 -4.341078,-45.930675 -4.33743,-45.930675 -4.33743))", "polygon_id": "7432245", "#NR_UNCO_OPR": "20221035255921816", "#NRO_PROP": "567604300", "#CD_CLI": "459886740", "#NM_CLI": "ANTONIO EDCARLOS PEREIRA DOS SANTOS", "#NR_REF_RCR": "220360677", "#NRO_OPER": "4000143", "#SGL_SIST_RSPV_CNDU": "XER", "#CD_TIP_OBJ_NEG_CRD": "1", "#NR_OBJ_NEG_CRD": "567604300", "#SG_SIS_CDTR": "COP", "#CD_PRF_DEPE_CDTR": "5676", "#NR_SEQL_OBJ_NEG": "5", "#NR_UTZO_GER": "7432245", "#CD_LCZC_ACT_BC": "0", "#COD_MUNC": "80500", "#ARE_IMOV_LCZO_ITEM": "80.43", "#COD_BEM": "536048449", "#SEQ_CESS_IMOV": "", "#COD_NMRO_ICRA": "", "#CD_CEND": "100002329", "#CD_REG_CAR": "MA211000592240DF551034BBCBB7A0DC9FB9512F8", "#F_CLTE_PROP_PRINC": "459886740" }, "geometry": { "type": "Polygon", "coordinates": [ [ [ -45.930675, -4.33743 ], [ -45.930675, -4.33743 ], [ -45.934713, -4.342042 ], [ -45.934713, -4.342042 ], [ -45.931663, -4.350534 ], [ -45.931663, -4.350534 ], [ -45.927796, -4.34864 ], [ -45.927796, -4.34864 ], [ -45.927928, -4.341078 ], [ -45.927928, -4.341078 ], [ -45.930675, -4.33743 ], [ -45.930675, -4.33743 ] ] ] } },
{ "type": "Feature", "properties": { "WKT": "POLYGON ((-46.501803 -4.247447,-46.495685 -4.246056,-46.490589 -4.238111,-46.499812 -4.238558,-46.501803 -4.247447))", "polygon_id": "7433028", "#NR_UNCO_OPR": "20221014581321996", "#NRO_PROP": "567604301", "#CD_CLI": "34616555", "#NM_CLI": "VALDINAR ALVES SILINO", "#NR_REF_RCR": "220349179", "#NRO_OPER": "4000138", "#SGL_SIST_RSPV_CNDU": "XER", "#CD_TIP_OBJ_NEG_CRD": "1", "#NR_OBJ_NEG_CRD": "567604301", "#SG_SIS_CDTR": "COP", "#CD_PRF_DEPE_CDTR": "5676", "#NR_SEQL_OBJ_NEG": "1", "#NR_UTZO_GER": "7433028", "#CD_LCZC_ACT_BC": "0", "#COD_MUNC": "15505", "#ARE_IMOV_LCZO_ITEM": "113.16", "#COD_BEM": "529958683", "#SEQ_CESS_IMOV": "", "#COD_NMRO_ICRA": "9501907589651", "#CD_CEND": "100000644", "#CD_REG_CAR": "MA21020361CC2ACD3ED5D412283B799880059E325", "#F_CLTE_PROP_PRINC": "34616555" }, "geometry": { "type": "Polygon", "coordinates": [ [ [ -46.501803, -4.247447 ], [ -46.495685, -4.246056 ], [ -46.490589, -4.238111 ], [ -46.499812, -4.238558 ], [ -46.501803, -4.247447 ] ] ] } },
{ "type": "Feature", "properties": { "WKT": "POLYGON ((-45.941075 -4.253621,-45.939806 -4.254933,-45.937296 -4.254862,-45.935192 -4.254905,-45.927124 -4.247392,-45.928608 -4.242911,-45.941075 -4.253621))", "polygon_id": "7440577", "#NR_UNCO_OPR": "20220976024021984", "#NRO_PROP": "567604302", "#CD_CLI": "846114702", "#NM_CLI": "ANA VYCTORIA NASCIMENTO TEIXEIRA", "#NR_REF_RCR": "220349176", "#NRO_OPER": "4000139", "#SGL_SIST_RSPV_CNDU": "XER", "#CD_TIP_OBJ_NEG_CRD": "1", "#NR_OBJ_NEG_CRD": "567604302", "#SG_SIS_CDTR": "COP", "#CD_PRF_DEPE_CDTR": "5676", "#NR_SEQL_OBJ_NEG": "1", "#NR_UTZO_GER": "7440577", "#CD_LCZC_ACT_BC": "0", "#COD_MUNC": "80500", "#ARE_IMOV_LCZO_ITEM": "139", "#COD_BEM": "537446481", "#SEQ_CESS_IMOV": "1", "#COD_NMRO_ICRA": "0511293504943", "#CD_CEND": "100002336", "#CD_REG_CAR": "MA2110005BF0ECE221285425DA83C0E85BFE579B1", "#F_CLTE_PROP_PRINC": "468221519" }, "geometry": { "type": "Polygon", "coordinates": [ [ [ -45.941075, -4.253621 ], [ -45.939806, -4.254933 ], [ -45.937296, -4.254862 ], [ -45.935192, -4.254905 ], [ -45.927124, -4.247392 ], [ -45.928608, -4.242911 ], [ -45.941075, -4.253621 ] ] ] } },
{ "type": "Feature", "properties": { "WKT": "POLYGON ((-45.857628 -4.381385,-45.855237 -4.377469,-45.856667 -4.37162,-45.861477 -4.373819,-45.859261 -4.375995,-45.857628 -4.381385))", "polygon_id": "7736197", "#NR_UNCO_OPR": "20220955503321245", "#NRO_PROP": "567604311", "#CD_CLI": "505967315", "#NM_CLI": "FRANCINALDO MORAIS SILVA", "#NR_REF_RCR": "220333942", "#NRO_OPER": "4000137", "#SGL_SIST_RSPV_CNDU": "XER", "#CD_TIP_OBJ_NEG_CRD": "1", "#NR_OBJ_NEG_CRD": "567604311", "#SG_SIS_CDTR": "COP", "#CD_PRF_DEPE_CDTR": "5676", "#NR_SEQL_OBJ_NEG": "1", "#NR_UTZO_GER": "7736197", "#CD_LCZC_ACT_BC": "0", "#COD_MUNC": "80500", "#ARE_IMOV_LCZO_ITEM": "60", "#COD_BEM": "536422409", "#SEQ_CESS_IMOV": "", "#COD_NMRO_ICRA": "", "#CD_CEND": "100002334", "#CD_REG_CAR": "MA2110005DD57AB271C5A4FBEBD3AAB5809025548", "#F_CLTE_PROP_PRINC": "505967315" }, "geometry": { "type": "Polygon", "coordinates": [ [ [ -45.857628, -4.381385 ], [ -45.855237, -4.377469 ], [ -45.856667, -4.37162 ], [ -45.861477, -4.373819 ], [ -45.859261, -4.375995 ], [ -45.857628, -4.381385 ] ] ] } },
{ "type": "Feature", "properties": { "WKT": "POLYGON ((-45.916781 -4.186145,-45.910896 -4.184287,-45.912815 -4.18039,-45.919944 -4.181369,-45.916781 -4.186145))", "polygon_id": "7737139", "#NR_UNCO_OPR": "20220983440821121", "#NRO_PROP": "567604310", "#CD_CLI": "913687999", "#NM_CLI": "VERICIO ALVES TEIXEIRA", "#NR_REF_RCR": "220349173", "#NRO_OPER": "4000140", "#SGL_SIST_RSPV_CNDU": "XER", "#CD_TIP_OBJ_NEG_CRD": "1", "#NR_OBJ_NEG_CRD": "567604310", "#SG_SIS_CDTR": "COP", "#CD_PRF_DEPE_CDTR": "5676", "#NR_SEQL_OBJ_NEG": "1", "#NR_UTZO_GER": "7737139", "#CD_LCZC_ACT_BC": "0", "#COD_MUNC": "80500", "#ARE_IMOV_LCZO_ITEM": "53.19", "#COD_BEM": "537587773", "#SEQ_CESS_IMOV": "", "#COD_NMRO_ICRA": "9510990638439", "#CD_CEND": "100002337", "#CD_REG_CAR": "MA2110005FFAF50E848854D9A9BC23E78619369AA", "#F_CLTE_PROP_PRINC": "913687999" }, "geometry": { "type": "Polygon", "coordinates": [ [ [ -45.916781, -4.186145 ], [ -45.910896, -4.184287 ], [ -45.912815, -4.18039 ], [ -45.919944, -4.181369 ], [ -45.916781, -4.186145 ] ] ] } },
{ "type": "Feature", "properties": { "WKT": "POLYGON ((-45.798719 -4.035108,-45.806078 -4.03947,-45.803266 -4.042671,-45.79703 -4.038006,-45.798136 -4.035535,-45.798719 -4.035108))", "polygon_id": "7737690", "#NR_UNCO_OPR": "20221155368621570", "#NRO_PROP": "567604312", "#CD_CLI": "515753620", "#NM_CLI": "AGDA MARA DA SILVA REIS", "#NR_REF_RCR": "220382565", "#NRO_OPER": "4000147", "#SGL_SIST_RSPV_CNDU": "XER", "#CD_TIP_OBJ_NEG_CRD": "1", "#NR_OBJ_NEG_CRD": "567604312", "#SG_SIS_CDTR": "COP", "#CD_PRF_DEPE_CDTR": "5676", "#NR_SEQL_OBJ_NEG": "1", "#NR_UTZO_GER": "7737690", "#CD_LCZC_ACT_BC": "0", "#COD_MUNC": "80500", "#ARE_IMOV_LCZO_ITEM": "84", "#COD_BEM": "536202973", "#SEQ_CESS_IMOV": "", "#COD_NMRO_ICRA": "9511027459797", "#CD_CEND": "100000109", "#CD_REG_CAR": "MA21100053B43A50D79E7425AA545937C752AF74C", "#F_CLTE_PROP_PRINC": "515753620" }, "geometry": { "type": "Polygon", "coordinates": [ [ [ -45.798719, -4.035108 ], [ -45.806078, -4.03947 ], [ -45.803266, -4.042671 ], [ -45.79703, -4.038006 ], [ -45.798136, -4.035535 ], [ -45.798719, -4.035108 ] ] ] } },
{ "type": "Feature", "properties": { "WKT": "POLYGON ((-45.916781 -4.186145,-45.916781 -4.186145,-45.910896 -4.184287,-45.910896 -4.184287,-45.912815 -4.18039,-45.912815 -4.18039,-45.919944 -4.181369,-45.919944 -4.181369,-45.916781 -4.186145,-45.916781 -4.186145))", "polygon_id": "7968049", "#NR_UNCO_OPR": "20221263337721815", "#NRO_PROP": "567604315", "#CD_CLI": "913687999", "#NM_CLI": "VERICIO ALVES TEIXEIRA", "#NR_REF_RCR": "220459310", "#NRO_OPER": "4000149", "#SGL_SIST_RSPV_CNDU": "XER", "#CD_TIP_OBJ_NEG_CRD": "1", "#NR_OBJ_NEG_CRD": "567604315", "#SG_SIS_CDTR": "COP", "#CD_PRF_DEPE_CDTR": "5676", "#NR_SEQL_OBJ_NEG": "3", "#NR_UTZO_GER": "7968049", "#CD_LCZC_ACT_BC": "0", "#COD_MUNC": "80500", "#ARE_IMOV_LCZO_ITEM": "53.19", "#COD_BEM": "537587773", "#SEQ_CESS_IMOV": "", "#COD_NMRO_ICRA": "9510990638439", "#CD_CEND": "100002337", "#CD_REG_CAR": "MA2110005FFAF50E848854D9A9BC23E78619369AA", "#F_CLTE_PROP_PRINC": "913687999" }, "geometry": { "type": "Polygon", "coordinates": [ [ [ -45.916781, -4.186145 ], [ -45.916781, -4.186145 ], [ -45.910896, -4.184287 ], [ -45.910896, -4.184287 ], [ -45.912815, -4.18039 ], [ -45.912815, -4.18039 ], [ -45.919944, -4.181369 ], [ -45.919944, -4.181369 ], [ -45.916781, -4.186145 ], [ -45.916781, -4.186145 ] ] ] } },
{ "type": "Feature", "properties": { "WKT": "POLYGON ((-45.916781 -4.186145,-45.916781 -4.186145,-45.910896 -4.184287,-45.910896 -4.184287,-45.912815 -4.18039,-45.912815 -4.18039,-45.919944 -4.181369,-45.919944 -4.181369,-45.916781 -4.186145,-45.916781 -4.186145))", "polygon_id": "7980202", "#NR_UNCO_OPR": "20221263337721815", "#NRO_PROP": "567604315", "#CD_CLI": "913687999", "#NM_CLI": "VERICIO ALVES TEIXEIRA", "#NR_REF_RCR": "220459310", "#NRO_OPER": "4000149", "#SGL_SIST_RSPV_CNDU": "XER", "#CD_TIP_OBJ_NEG_CRD": "1", "#NR_OBJ_NEG_CRD": "567604315", "#SG_SIS_CDTR": "COP", "#CD_PRF_DEPE_CDTR": "5676", "#NR_SEQL_OBJ_NEG": "2", "#NR_UTZO_GER": "7980202", "#CD_LCZC_ACT_BC": "0", "#COD_MUNC": "80500", "#ARE_IMOV_LCZO_ITEM": "53.19", "#COD_BEM": "537587773", "#SEQ_CESS_IMOV": "", "#COD_NMRO_ICRA": "9510990638439", "#CD_CEND": "100002337", "#CD_REG_CAR": "MA2110005FFAF50E848854D9A9BC23E78619369AA", "#F_CLTE_PROP_PRINC": "913687999" }, "geometry": { "type": "Polygon", "coordinates": [ [ [ -45.916781, -4.186145 ], [ -45.916781, -4.186145 ], [ -45.910896, -4.184287 ], [ -45.910896, -4.184287 ], [ -45.912815, -4.18039 ], [ -45.912815, -4.18039 ], [ -45.919944, -4.181369 ], [ -45.919944, -4.181369 ], [ -45.916781, -4.186145 ], [ -45.916781, -4.186145 ] ] ] } },
{ "type": "Feature", "properties": { "WKT": "POLYGON ((-45.916781 -4.186145,-45.916781 -4.186145,-45.910896 -4.184287,-45.910896 -4.184287,-45.912815 -4.18039,-45.912815 -4.18039,-45.919944 -4.181369,-45.919944 -4.181369,-45.916781 -4.186145,-45.916781 -4.186145))", "polygon_id": "7981252", "#NR_UNCO_OPR": "20221263337721815", "#NRO_PROP": "567604315", "#CD_CLI": "913687999", "#NM_CLI": "VERICIO ALVES TEIXEIRA", "#NR_REF_RCR": "220459310", "#NRO_OPER": "4000149", "#SGL_SIST_RSPV_CNDU": "XER", "#CD_TIP_OBJ_NEG_CRD": "1", "#NR_OBJ_NEG_CRD": "567604315", "#SG_SIS_CDTR": "COP", "#CD_PRF_DEPE_CDTR": "5676", "#NR_SEQL_OBJ_NEG": "1", "#NR_UTZO_GER": "7981252", "#CD_LCZC_ACT_BC": "0", "#COD_MUNC": "80500", "#ARE_IMOV_LCZO_ITEM": "53.19", "#COD_BEM": "537587773", "#SEQ_CESS_IMOV": "", "#COD_NMRO_ICRA": "9510990638439", "#CD_CEND": "100002337", "#CD_REG_CAR": "MA2110005FFAF50E848854D9A9BC23E78619369AA", "#F_CLTE_PROP_PRINC": "913687999" }, "geometry": { "type": "Polygon", "coordinates": [ [ [ -45.916781, -4.186145 ], [ -45.916781, -4.186145 ], [ -45.910896, -4.184287 ], [ -45.910896, -4.184287 ], [ -45.912815, -4.18039 ], [ -45.912815, -4.18039 ], [ -45.919944, -4.181369 ], [ -45.919944, -4.181369 ], [ -45.916781, -4.186145 ], [ -45.916781, -4.186145 ] ] ] } },
{ "type": "Feature", "properties": { "WKT": "POLYGON ((-45.836812 -4.25334,-45.836812 -4.25334,-45.841821 -4.252917,-45.841821 -4.252917,-45.845385 -4.256326,-45.845385 -4.256326,-45.841325 -4.25997,-45.841325 -4.25997,-45.836812 -4.25334,-45.836812 -4.25334))", "polygon_id": "8072626", "#NR_UNCO_OPR": "20221804030221150", "#NRO_PROP": "567604322", "#CD_CLI": "464266540", "#NM_CLI": "DENILSON FELIX LAGO", "#NR_REF_RCR": "220728127", "#NRO_OPER": "4000164", "#SGL_SIST_RSPV_CNDU": "XER", "#CD_TIP_OBJ_NEG_CRD": "1", "#NR_OBJ_NEG_CRD": "567604322", "#SG_SIS_CDTR": "COP", "#CD_PRF_DEPE_CDTR": "5676", "#NR_SEQL_OBJ_NEG": "2", "#NR_UTZO_GER": "8072626", "#CD_LCZC_ACT_BC": "0", "#COD_MUNC": "80500", "#ARE_IMOV_LCZO_ITEM": "57.74", "#COD_BEM": "536918916", "#SEQ_CESS_IMOV": "", "#COD_NMRO_ICRA": "9511109549778", "#CD_CEND": "100002334", "#CD_REG_CAR": "MA21100057394E0491C294963BB42067A61DF8325", "#F_CLTE_PROP_PRINC": "464266540" }, "geometry": { "type": "Polygon", "coordinates": [ [ [ -45.836812, -4.25334 ], [ -45.836812, -4.25334 ], [ -45.841821, -4.252917 ], [ -45.841821, -4.252917 ], [ -45.845385, -4.256326 ], [ -45.845385, -4.256326 ], [ -45.841325, -4.25997 ], [ -45.841325, -4.25997 ], [ -45.836812, -4.25334 ], [ -45.836812, -4.25334 ] ] ] } },
{ "type": "Feature", "properties": { "WKT": "POLYGON ((-45.836812 -4.25334,-45.836812 -4.25334,-45.841821 -4.252917,-45.841821 -4.252917,-45.845385 -4.256326,-45.845385 -4.256326,-45.841325 -4.25997,-45.841325 -4.25997,-45.836812 -4.25334,-45.836812 -4.25334))", "polygon_id": "8074141", "#NR_UNCO_OPR": "20221804030221150", "#NRO_PROP": "567604322", "#CD_CLI": "464266540", "#NM_CLI": "DENILSON FELIX LAGO", "#NR_REF_RCR": "220728127", "#NRO_OPER": "4000164", "#SGL_SIST_RSPV_CNDU": "XER", "#CD_TIP_OBJ_NEG_CRD": "1", "#NR_OBJ_NEG_CRD": "567604322", "#SG_SIS_CDTR": "COP", "#CD_PRF_DEPE_CDTR": "5676", "#NR_SEQL_OBJ_NEG": "1", "#NR_UTZO_GER": "8074141", "#CD_LCZC_ACT_BC": "0", "#COD_MUNC": "80500", "#ARE_IMOV_LCZO_ITEM": "57.74", "#COD_BEM": "536918916", "#SEQ_CESS_IMOV": "", "#COD_NMRO_ICRA": "9511109549778", "#CD_CEND": "100002334", "#CD_REG_CAR": "MA21100057394E0491C294963BB42067A61DF8325", "#F_CLTE_PROP_PRINC": "464266540" }, "geometry": { "type": "Polygon", "coordinates": [ [ [ -45.836812, -4.25334 ], [ -45.836812, -4.25334 ], [ -45.841821, -4.252917 ], [ -45.841821, -4.252917 ], [ -45.845385, -4.256326 ], [ -45.845385, -4.256326 ], [ -45.841325, -4.25997 ], [ -45.841325, -4.25997 ], [ -45.836812, -4.25334 ], [ -45.836812, -4.25334 ] ] ] } },
{ "type": "Feature", "properties": { "WKT": "POLYGON ((-46.021718 -4.11205,-46.021718 -4.11205,-46.020789 -4.113885,-46.020789 -4.113885,-46.019691 -4.115526,-46.019691 -4.115526,-46.017806 -4.117565,-46.017806 -4.117565,-46.014429 -4.117593,-46.014429 -4.117593,-46.014403 -4.111678,-46.014403 -4.111678,-46.014964 -4.109935,-46.014964 -4.109935,-46.016565 -4.106974,-46.016565 -4.106974,-46.021718 -4.11205,-46.021718 -4.11205))", "polygon_id": "8204523", "#NR_UNCO_OPR": "20221603857821941", "#NRO_PROP": "567604355", "#CD_CLI": "479433972", "#NM_CLI": "GEAN DE OLIVEIRA", "#NR_REF_RCR": "220612086", "#NRO_OPER": "4000157", "#SGL_SIST_RSPV_CNDU": "XER", "#CD_TIP_OBJ_NEG_CRD": "1", "#NR_OBJ_NEG_CRD": "567604355", "#SG_SIS_CDTR": "COP", "#CD_PRF_DEPE_CDTR": "5676", "#NR_SEQL_OBJ_NEG": "1", "#NR_UTZO_GER": "8204523", "#CD_LCZC_ACT_BC": "0", "#COD_MUNC": "80500", "#ARE_IMOV_LCZO_ITEM": "72.8", "#COD_BEM": "537800199", "#SEQ_CESS_IMOV": "", "#COD_NMRO_ICRA": "", "#CD_CEND": "100002329", "#CD_REG_CAR": "MA2110005D976472E8A4043B685AABB09EB7BDA15", "#F_CLTE_PROP_PRINC": "479433972" }, "geometry": { "type": "Polygon", "coordinates": [ [ [ -46.021718, -4.11205 ], [ -46.021718, -4.11205 ], [ -46.020789, -4.113885 ], [ -46.020789, -4.113885 ], [ -46.019691, -4.115526 ], [ -46.019691, -4.115526 ], [ -46.017806, -4.117565 ], [ -46.017806, -4.117565 ], [ -46.014429, -4.117593 ], [ -46.014429, -4.117593 ], [ -46.014403, -4.111678 ], [ -46.014403, -4.111678 ], [ -46.014964, -4.109935 ], [ -46.014964, -4.109935 ], [ -46.016565, -4.106974 ], [ -46.016565, -4.106974 ], [ -46.021718, -4.11205 ], [ -46.021718, -4.11205 ] ] ] } },
{ "type": "Feature", "properties": { "WKT": "POLYGON ((-46.021718 -4.11205,-46.021718 -4.11205,-46.020789 -4.113885,-46.020789 -4.113885,-46.019691 -4.115526,-46.019691 -4.115526,-46.017806 -4.117565,-46.017806 -4.117565,-46.014429 -4.117593,-46.014429 -4.117593,-46.014403 -4.111678,-46.014403 -4.111678,-46.014964 -4.109935,-46.014964 -4.109935,-46.016565 -4.106974,-46.016565 -4.106974,-46.021718 -4.11205,-46.021718 -4.11205))", "polygon_id": "8204526", "#NR_UNCO_OPR": "20221603857821941", "#NRO_PROP": "567604355", "#CD_CLI": "479433972", "#NM_CLI": "GEAN DE OLIVEIRA", "#NR_REF_RCR": "220612086", "#NRO_OPER": "4000157", "#SGL_SIST_RSPV_CNDU": "XER", "#CD_TIP_OBJ_NEG_CRD": "1", "#NR_OBJ_NEG_CRD": "567604355", "#SG_SIS_CDTR": "COP", "#CD_PRF_DEPE_CDTR": "5676", "#NR_SEQL_OBJ_NEG": "2", "#NR_UTZO_GER": "8204526", "#CD_LCZC_ACT_BC": "0", "#COD_MUNC": "80500", "#ARE_IMOV_LCZO_ITEM": "72.8", "#COD_BEM": "537800199", "#SEQ_CESS_IMOV": "", "#COD_NMRO_ICRA": "", "#CD_CEND": "100002329", "#CD_REG_CAR": "MA2110005D976472E8A4043B685AABB09EB7BDA15", "#F_CLTE_PROP_PRINC": "479433972" }, "geometry": { "type": "Polygon", "coordinates": [ [ [ -46.021718, -4.11205 ], [ -46.021718, -4.11205 ], [ -46.020789, -4.113885 ], [ -46.020789, -4.113885 ], [ -46.019691, -4.115526 ], [ -46.019691, -4.115526 ], [ -46.017806, -4.117565 ], [ -46.017806, -4.117565 ], [ -46.014429, -4.117593 ], [ -46.014429, -4.117593 ], [ -46.014403, -4.111678 ], [ -46.014403, -4.111678 ], [ -46.014964, -4.109935 ], [ -46.014964, -4.109935 ], [ -46.016565, -4.106974 ], [ -46.016565, -4.106974 ], [ -46.021718, -4.11205 ], [ -46.021718, -4.11205 ] ] ] } },
{ "type": "Feature", "properties": { "WKT": "POLYGON ((-45.803944 -4.052564,-45.803944 -4.052564,-45.800521 -4.047471,-45.800521 -4.047471,-45.804193 -4.044307,-45.804193 -4.044307,-45.805083 -4.04304,-45.805083 -4.04304,-45.809373 -4.04153,-45.809373 -4.04153,-45.809161 -4.045897,-45.809161 -4.045897,-45.807017 -4.049422,-45.807017 -4.049422,-45.803944 -4.052564,-45.803944 -4.052564))", "polygon_id": "8205095", "#NR_UNCO_OPR": "20221784876121954", "#NRO_PROP": "567604340", "#CD_CLI": "515753620", "#NM_CLI": "AGDA MARA DA SILVA REIS", "#NR_REF_RCR": "220699746", "#NRO_OPER": "4000159", "#SGL_SIST_RSPV_CNDU": "XER", "#CD_TIP_OBJ_NEG_CRD": "1", "#NR_OBJ_NEG_CRD": "567604340", "#SG_SIS_CDTR": "COP", "#CD_PRF_DEPE_CDTR": "5676", "#NR_SEQL_OBJ_NEG": "6", "#NR_UTZO_GER": "8205095", "#CD_LCZC_ACT_BC": "0", "#COD_MUNC": "80500", "#ARE_IMOV_LCZO_ITEM": "84", "#COD_BEM": "536202973", "#SEQ_CESS_IMOV": "", "#COD_NMRO_ICRA": "9511027459797", "#CD_CEND": "100000109", "#CD_REG_CAR": "MA21100053B43A50D79E7425AA545937C752AF74C", "#F_CLTE_PROP_PRINC": "515753620" }, "geometry": { "type": "Polygon", "coordinates": [ [ [ -45.803944, -4.052564 ], [ -45.803944, -4.052564 ], [ -45.800521, -4.047471 ], [ -45.800521, -4.047471 ], [ -45.804193, -4.044307 ], [ -45.804193, -4.044307 ], [ -45.805083, -4.04304 ], [ -45.805083, -4.04304 ], [ -45.809373, -4.04153 ], [ -45.809373, -4.04153 ], [ -45.809161, -4.045897 ], [ -45.809161, -4.045897 ], [ -45.807017, -4.049422 ], [ -45.807017, -4.049422 ], [ -45.803944, -4.052564 ], [ -45.803944, -4.052564 ] ] ] } },
{ "type": "Feature", "properties": { "WKT": "POLYGON ((-46.021718 -4.11205,-46.021718 -4.11205,-46.020789 -4.113885,-46.020789 -4.113885,-46.019691 -4.115526,-46.019691 -4.115526,-46.017806 -4.117565,-46.017806 -4.117565,-46.014429 -4.117593,-46.014429 -4.117593,-46.014403 -4.111678,-46.014403 -4.111678,-46.014964 -4.109935,-46.014964 -4.109935,-46.016565 -4.106974,-46.016565 -4.106974,-46.021718 -4.11205,-46.021718 -4.11205))", "polygon_id": "8205580", "#NR_UNCO_OPR": "20221603857821941", "#NRO_PROP": "567604355", "#CD_CLI": "479433972", "#NM_CLI": "GEAN DE OLIVEIRA", "#NR_REF_RCR": "220612086", "#NRO_OPER": "4000157", "#SGL_SIST_RSPV_CNDU": "XER", "#CD_TIP_OBJ_NEG_CRD": "1", "#NR_OBJ_NEG_CRD": "567604355", "#SG_SIS_CDTR": "COP", "#CD_PRF_DEPE_CDTR": "5676", "#NR_SEQL_OBJ_NEG": "5", "#NR_UTZO_GER": "8205580", "#CD_LCZC_ACT_BC": "0", "#COD_MUNC": "80500", "#ARE_IMOV_LCZO_ITEM": "72.8", "#COD_BEM": "537800199", "#SEQ_CESS_IMOV": "", "#COD_NMRO_ICRA": "", "#CD_CEND": "100002329", "#CD_REG_CAR": "MA2110005D976472E8A4043B685AABB09EB7BDA15", "#F_CLTE_PROP_PRINC": "479433972" }, "geometry": { "type": "Polygon", "coordinates": [ [ [ -46.021718, -4.11205 ], [ -46.021718, -4.11205 ], [ -46.020789, -4.113885 ], [ -46.020789, -4.113885 ], [ -46.019691, -4.115526 ], [ -46.019691, -4.115526 ], [ -46.017806, -4.117565 ], [ -46.017806, -4.117565 ], [ -46.014429, -4.117593 ], [ -46.014429, -4.117593 ], [ -46.014403, -4.111678 ], [ -46.014403, -4.111678 ], [ -46.014964, -4.109935 ], [ -46.014964, -4.109935 ], [ -46.016565, -4.106974 ], [ -46.016565, -4.106974 ], [ -46.021718, -4.11205 ], [ -46.021718, -4.11205 ] ] ] } },
{ "type": "Feature", "properties": { "WKT": "POLYGON ((-45.803944 -4.052564,-45.803944 -4.052564,-45.800521 -4.047471,-45.800521 -4.047471,-45.804193 -4.044307,-45.804193 -4.044307,-45.805083 -4.04304,-45.805083 -4.04304,-45.809373 -4.04153,-45.809373 -4.04153,-45.809161 -4.045897,-45.809161 -4.045897,-45.807017 -4.049422,-45.807017 -4.049422,-45.803944 -4.052564,-45.803944 -4.052564))", "polygon_id": "8206984", "#NR_UNCO_OPR": "20221784876121954", "#NRO_PROP": "567604340", "#CD_CLI": "515753620", "#NM_CLI": "AGDA MARA DA SILVA REIS", "#NR_REF_RCR": "220699746", "#NRO_OPER": "4000159", "#SGL_SIST_RSPV_CNDU": "XER", "#CD_TIP_OBJ_NEG_CRD": "1", "#NR_OBJ_NEG_CRD": "567604340", "#SG_SIS_CDTR": "COP", "#CD_PRF_DEPE_CDTR": "5676", "#NR_SEQL_OBJ_NEG": "5", "#NR_UTZO_GER": "8206984", "#CD_LCZC_ACT_BC": "0", "#COD_MUNC": "80500", "#ARE_IMOV_LCZO_ITEM": "84", "#COD_BEM": "536202973", "#SEQ_CESS_IMOV": "", "#COD_NMRO_ICRA": "9511027459797", "#CD_CEND": "100000109", "#CD_REG_CAR": "MA21100053B43A50D79E7425AA545937C752AF74C", "#F_CLTE_PROP_PRINC": "515753620" }, "geometry": { "type": "Polygon", "coordinates": [ [ [ -45.803944, -4.052564 ], [ -45.803944, -4.052564 ], [ -45.800521, -4.047471 ], [ -45.800521, -4.047471 ], [ -45.804193, -4.044307 ], [ -45.804193, -4.044307 ], [ -45.805083, -4.04304 ], [ -45.805083, -4.04304 ], [ -45.809373, -4.04153 ], [ -45.809373, -4.04153 ], [ -45.809161, -4.045897 ], [ -45.809161, -4.045897 ], [ -45.807017, -4.049422 ], [ -45.807017, -4.049422 ], [ -45.803944, -4.052564 ], [ -45.803944, -4.052564 ] ] ] } },
{ "type": "Feature", "properties": { "WKT": "POLYGON ((-45.803944 -4.052564,-45.803944 -4.052564,-45.800521 -4.047471,-45.800521 -4.047471,-45.804193 -4.044307,-45.804193 -4.044307,-45.805083 -4.04304,-45.805083 -4.04304,-45.809373 -4.04153,-45.809373 -4.04153,-45.809161 -4.045897,-45.809161 -4.045897,-45.807017 -4.049422,-45.807017 -4.049422,-45.803944 -4.052564,-45.803944 -4.052564))", "polygon_id": "8206999", "#NR_UNCO_OPR": "20221784876121954", "#NRO_PROP": "567604340", "#CD_CLI": "515753620", "#NM_CLI": "AGDA MARA DA SILVA REIS", "#NR_REF_RCR": "220699746", "#NRO_OPER": "4000159", "#SGL_SIST_RSPV_CNDU": "XER", "#CD_TIP_OBJ_NEG_CRD": "1", "#NR_OBJ_NEG_CRD": "567604340", "#SG_SIS_CDTR": "COP", "#CD_PRF_DEPE_CDTR": "5676", "#NR_SEQL_OBJ_NEG": "3", "#NR_UTZO_GER": "8206999", "#CD_LCZC_ACT_BC": "0", "#COD_MUNC": "80500", "#ARE_IMOV_LCZO_ITEM": "84", "#COD_BEM": "536202973", "#SEQ_CESS_IMOV": "", "#COD_NMRO_ICRA": "9511027459797", "#CD_CEND": "100000109", "#CD_REG_CAR": "MA21100053B43A50D79E7425AA545937C752AF74C", "#F_CLTE_PROP_PRINC": "515753620" }, "geometry": { "type": "Polygon", "coordinates": [ [ [ -45.803944, -4.052564 ], [ -45.803944, -4.052564 ], [ -45.800521, -4.047471 ], [ -45.800521, -4.047471 ], [ -45.804193, -4.044307 ], [ -45.804193, -4.044307 ], [ -45.805083, -4.04304 ], [ -45.805083, -4.04304 ], [ -45.809373, -4.04153 ], [ -45.809373, -4.04153 ], [ -45.809161, -4.045897 ], [ -45.809161, -4.045897 ], [ -45.807017, -4.049422 ], [ -45.807017, -4.049422 ], [ -45.803944, -4.052564 ], [ -45.803944, -4.052564 ] ] ] } },
{ "type": "Feature", "properties": { "WKT": "POLYGON ((-45.927033 -3.998669,-45.924216 -3.992578,-45.927745 -3.989953,-45.93183 -3.994525,-45.927033 -3.998669))", "polygon_id": "8233119", "#NR_UNCO_OPR": "20221603974221929", "#NRO_PROP": "567604379", "#CD_CLI": "451689911", "#NM_CLI": "FRANCISCA FERREIRA BATISTA", "#NR_REF_RCR": "220607540", "#NRO_OPER": "4000155", "#SGL_SIST_RSPV_CNDU": "XER", "#CD_TIP_OBJ_NEG_CRD": "1", "#NR_OBJ_NEG_CRD": "567604379", "#SG_SIS_CDTR": "COP", "#CD_PRF_DEPE_CDTR": "5676", "#NR_SEQL_OBJ_NEG": "1", "#NR_UTZO_GER": "8233119", "#CD_LCZC_ACT_BC": "0", "#COD_MUNC": "80500", "#ARE_IMOV_LCZO_ITEM": "73.08", "#COD_BEM": "532545367", "#SEQ_CESS_IMOV": "", "#COD_NMRO_ICRA": "9999972230340", "#CD_CEND": "100000116", "#CD_REG_CAR": "MA21100052F4E5008EF0A40BEB06F2303435D17B3", "#F_CLTE_PROP_PRINC": "451689911" }, "geometry": { "type": "Polygon", "coordinates": [ [ [ -45.927033, -3.998669 ], [ -45.924216, -3.992578 ], [ -45.927745, -3.989953 ], [ -45.93183, -3.994525 ], [ -45.927033, -3.998669 ] ] ] } },
{ "type": "Feature", "properties": { "WKT": "POLYGON ((-46.021718 -4.11205,-46.020789 -4.113885,-46.019691 -4.115526,-46.017806 -4.117565,-46.014429 -4.117593,-46.014403 -4.111678,-46.014964 -4.109935,-46.016565 -4.106974,-46.021718 -4.11205))", "polygon_id": "8492227", "#NR_UNCO_OPR": "20221755034321771", "#NRO_PROP": "567604424", "#CD_CLI": "479433972", "#NM_CLI": "GEAN DE OLIVEIRA", "#NR_REF_RCR": "220715648", "#NRO_OPER": "4000161", "#SGL_SIST_RSPV_CNDU": "XER", "#CD_TIP_OBJ_NEG_CRD": "1", "#NR_OBJ_NEG_CRD": "567604424", "#SG_SIS_CDTR": "COP", "#CD_PRF_DEPE_CDTR": "5676", "#NR_SEQL_OBJ_NEG": "1", "#NR_UTZO_GER": "8492227", "#CD_LCZC_ACT_BC": "0", "#COD_MUNC": "80500", "#ARE_IMOV_LCZO_ITEM": "72.8", "#COD_BEM": "537800199", "#SEQ_CESS_IMOV": "", "#COD_NMRO_ICRA": "", "#CD_CEND": "100002329", "#CD_REG_CAR": "MA2110005D976472E8A4043B685AABB09EB7BDA15", "#F_CLTE_PROP_PRINC": "479433972" }, "geometry": { "type": "Polygon", "coordinates": [ [ [ -46.021718, -4.11205 ], [ -46.020789, -4.113885 ], [ -46.019691, -4.115526 ], [ -46.017806, -4.117565 ], [ -46.014429, -4.117593 ], [ -46.014403, -4.111678 ], [ -46.014964, -4.109935 ], [ -46.016565, -4.106974 ], [ -46.021718, -4.11205 ] ] ] } },
{ "type": "Feature", "properties": { "WKT": "POLYGON ((-45.343829 -4.432039,-45.343255 -4.432413,-45.342648 -4.432707,-45.342304 -4.432492,-45.341802 -4.432097,-45.34068 -4.431538,-45.340468 -4.430918,-45.341059 -4.429428,-45.339741 -4.430529,-45.338921 -4.43002,-45.337175 -4.430675,-45.334791 -4.427513,-45.335571 -4.424931,-45.340703 -4.425028,-45.34106 -4.427336,-45.341762 -4.428189,-45.342354 -4.428664,-45.342988 -4.429542,-45.34313 -4.429988,-45.343266 -4.430674,-45.344922 -4.431652,-45.343829 -4.432039))", "polygon_id": "8567538", "#NR_UNCO_OPR": "20221935006621685", "#NRO_PROP": "567604462", "#CD_CLI": "338097599", "#NM_CLI": "MARIA LUCICLEIDE SOUSA BATISTA", "#NR_REF_RCR": "220787467", "#NRO_OPER": "4000170", "#SGL_SIST_RSPV_CNDU": "XER", "#CD_TIP_OBJ_NEG_CRD": "1", "#NR_OBJ_NEG_CRD": "567604462", "#SG_SIS_CDTR": "COP", "#CD_PRF_DEPE_CDTR": "5676", "#NR_SEQL_OBJ_NEG": "1", "#NR_UTZO_GER": "8567538", "#CD_LCZC_ACT_BC": "0", "#COD_MUNC": "67850", "#ARE_IMOV_LCZO_ITEM": "99.01", "#COD_BEM": "538182572", "#SEQ_CESS_IMOV": "", "#COD_NMRO_ICRA": "", "#CD_CEND": "100002751", "#CD_REG_CAR": "MA2106359896D65A1CF0B4A829C9D67890B035531", "#F_CLTE_PROP_PRINC": "338097599" }, "geometry": { "type": "Polygon", "coordinates": [ [ [ -45.343829, -4.432039 ], [ -45.343255, -4.432413 ], [ -45.342648, -4.432707 ], [ -45.342304, -4.432492 ], [ -45.341802, -4.432097 ], [ -45.34068, -4.431538 ], [ -45.340468, -4.430918 ], [ -45.341059, -4.429428 ], [ -45.339741, -4.430529 ], [ -45.338921, -4.43002 ], [ -45.337175, -4.430675 ], [ -45.334791, -4.427513 ], [ -45.335571, -4.424931 ], [ -45.340703, -4.425028 ], [ -45.34106, -4.427336 ], [ -45.341762, -4.428189 ], [ -45.342354, -4.428664 ], [ -45.342988, -4.429542 ], [ -45.34313, -4.429988 ], [ -45.343266, -4.430674 ], [ -45.344922, -4.431652 ], [ -45.343829, -4.432039 ] ] ] } },
{ "type": "Feature", "properties": { "WKT": "POLYGON ((-46.063249 -4.262734,-46.061616 -4.263675,-46.056259 -4.264383,-46.054813 -4.258112,-46.059322 -4.25749,-46.060252 -4.257482,-46.062851 -4.259842,-46.063249 -4.262734))", "polygon_id": "8581530", "#NR_UNCO_OPR": "20221945364521585", "#NRO_PROP": "567604438", "#CD_CLI": "909071434", "#NM_CLI": "EDIVANEA ALMEIDA DE SOUSA", "#NR_REF_RCR": "220787466", "#NRO_OPER": "4000169", "#SGL_SIST_RSPV_CNDU": "XER", "#CD_TIP_OBJ_NEG_CRD": "1", "#NR_OBJ_NEG_CRD": "567604438", "#SG_SIS_CDTR": "COP", "#CD_PRF_DEPE_CDTR": "5676", "#NR_SEQL_OBJ_NEG": "1", "#NR_UTZO_GER": "8581530", "#CD_LCZC_ACT_BC": "0", "#COD_MUNC": "80500", "#ARE_IMOV_LCZO_ITEM": "104.24", "#COD_BEM": "538229636", "#SEQ_CESS_IMOV": "", "#COD_NMRO_ICRA": "", "#CD_CEND": "100002332", "#CD_REG_CAR": "MA2110005B5155D774BD842D89713AB87F3E5E012", "#F_CLTE_PROP_PRINC": "909071434" }, "geometry": { "type": "Polygon", "coordinates": [ [ [ -46.063249, -4.262734 ], [ -46.061616, -4.263675 ], [ -46.056259, -4.264383 ], [ -46.054813, -4.258112 ], [ -46.059322, -4.25749 ], [ -46.060252, -4.257482 ], [ -46.062851, -4.259842 ], [ -46.063249, -4.262734 ] ] ] } },
{ "type": "Feature", "properties": { "WKT": "POLYGON ((-46.018253 -4.105524,-46.018253 -4.105524,-46.0149 -4.110903,-46.0149 -4.110903,-46.011394 -4.108493,-46.011394 -4.108493,-46.014814 -4.102625,-46.014814 -4.102625,-46.018253 -4.105524,-46.018253 -4.105524))", "polygon_id": "8609882", "#NR_UNCO_OPR": "20222225965121591", "#NRO_PROP": "567604485", "#CD_CLI": "479433972", "#NM_CLI": "GEAN DE OLIVEIRA", "#NR_REF_RCR": "221070615", "#NRO_OPER": "4000176", "#SGL_SIST_RSPV_CNDU": "XER", "#CD_TIP_OBJ_NEG_CRD": "1", "#NR_OBJ_NEG_CRD": "567604485", "#SG_SIS_CDTR": "COP", "#CD_PRF_DEPE_CDTR": "5676", "#NR_SEQL_OBJ_NEG": "3", "#NR_UTZO_GER": "8609882", "#CD_LCZC_ACT_BC": "0", "#COD_MUNC": "80500", "#ARE_IMOV_LCZO_ITEM": "72.8", "#COD_BEM": "537800199", "#SEQ_CESS_IMOV": "", "#COD_NMRO_ICRA": "", "#CD_CEND": "100002329", "#CD_REG_CAR": "MA2110005D976472E8A4043B685AABB09EB7BDA15", "#F_CLTE_PROP_PRINC": "479433972" }, "geometry": { "type": "Polygon", "coordinates": [ [ [ -46.018253, -4.105524 ], [ -46.018253, -4.105524 ], [ -46.0149, -4.110903 ], [ -46.0149, -4.110903 ], [ -46.011394, -4.108493 ], [ -46.011394, -4.108493 ], [ -46.014814, -4.102625 ], [ -46.014814, -4.102625 ], [ -46.018253, -4.105524 ], [ -46.018253, -4.105524 ] ] ] } },
{ "type": "Feature", "properties": { "WKT": "POLYGON ((-45.959219 -4.248632,-45.959755 -4.238789,-45.964117 -4.236872,-45.967436 -4.243762,-45.964996 -4.24714,-45.959219 -4.248632))", "polygon_id": "8685138", "#NR_UNCO_OPR": "20222163659321558", "#NRO_PROP": "567604491", "#CD_CLI": "846114702", "#NM_CLI": "ANA VYCTORIA NASCIMENTO TEIXEIRA", "#NR_REF_RCR": "221013477", "#NRO_OPER": "4000174", "#SGL_SIST_RSPV_CNDU": "XER", "#CD_TIP_OBJ_NEG_CRD": "1", "#NR_OBJ_NEG_CRD": "567604491", "#SG_SIS_CDTR": "COP", "#CD_PRF_DEPE_CDTR": "5676", "#NR_SEQL_OBJ_NEG": "1", "#NR_UTZO_GER": "8685138", "#CD_LCZC_ACT_BC": "0", "#COD_MUNC": "80500", "#ARE_IMOV_LCZO_ITEM": "139", "#COD_BEM": "537446481", "#SEQ_CESS_IMOV": "1", "#COD_NMRO_ICRA": "0511293504943", "#CD_CEND": "100002336", "#CD_REG_CAR": "MA2110005BF0ECE221285425DA83C0E85BFE579B1", "#F_CLTE_PROP_PRINC": "468221519" }, "geometry": { "type": "Polygon", "coordinates": [ [ [ -45.959219, -4.248632 ], [ -45.959755, -4.238789 ], [ -45.964117, -4.236872 ], [ -45.967436, -4.243762 ], [ -45.964996, -4.24714 ], [ -45.959219, -4.248632 ] ] ] } },
{ "type": "Feature", "properties": { "WKT": "POLYGON ((-45.841885 -4.19472,-45.83731 -4.196526,-45.834918 -4.192611,-45.838232 -4.188491,-45.841892 -4.191844,-45.841885 -4.19472))", "polygon_id": "8851617", "#NR_UNCO_OPR": "20222493580821423", "#NRO_PROP": "567604545", "#CD_CLI": "914822892", "#NM_CLI": "SEBASTIAO LIMA DA SILVA", "#NR_REF_RCR": "221206261", "#NRO_OPER": "4000179", "#SGL_SIST_RSPV_CNDU": "XER", "#CD_TIP_OBJ_NEG_CRD": "1", "#NR_OBJ_NEG_CRD": "567604545", "#SG_SIS_CDTR": "COP", "#CD_PRF_DEPE_CDTR": "5676", "#NR_SEQL_OBJ_NEG": "1", "#NR_UTZO_GER": "8851617", "#CD_LCZC_ACT_BC": "0", "#COD_MUNC": "80500", "#ARE_IMOV_LCZO_ITEM": "148.22", "#COD_BEM": "514190703", "#SEQ_CESS_IMOV": "", "#COD_NMRO_ICRA": "9500410408002", "#CD_CEND": "100002334", "#CD_REG_CAR": "MA2110005C775898116434D70BF9D4302A317BF58", "#F_CLTE_PROP_PRINC": "914822892" }, "geometry": { "type": "Polygon", "coordinates": [ [ [ -45.841885, -4.19472 ], [ -45.83731, -4.196526 ], [ -45.834918, -4.192611 ], [ -45.838232, -4.188491 ], [ -45.841892, -4.191844 ], [ -45.841885, -4.19472 ] ] ] } },
{ "type": "Feature", "properties": { "WKT": "POLYGON ((-45.866633 -4.255632,-45.867909 -4.251252,-45.87256 -4.253721,-45.869729 -4.256919,-45.866633 -4.255632))", "polygon_id": "8852930", "#NR_UNCO_OPR": "20222725418821771", "#NRO_PROP": "567604546", "#CD_CLI": "506169140", "#NM_CLI": "GABRIEL DA SILVA", "#NR_REF_RCR": "221379174", "#NRO_OPER": "4000193", "#SGL_SIST_RSPV_CNDU": "XER", "#CD_TIP_OBJ_NEG_CRD": "1", "#NR_OBJ_NEG_CRD": "567604546", "#SG_SIS_CDTR": "COP", "#CD_PRF_DEPE_CDTR": "5676", "#NR_SEQL_OBJ_NEG": "1", "#NR_UTZO_GER": "8852930", "#CD_LCZC_ACT_BC": "0", "#COD_MUNC": "80500", "#ARE_IMOV_LCZO_ITEM": "37.37", "#COD_BEM": "538228958", "#SEQ_CESS_IMOV": "", "#COD_NMRO_ICRA": "9511295550969", "#CD_CEND": "100002334", "#CD_REG_CAR": "MA21100051874E842D1D3446E88144995C928FE1C", "#F_CLTE_PROP_PRINC": "506169140" }, "geometry": { "type": "Polygon", "coordinates": [ [ [ -45.866633, -4.255632 ], [ -45.867909, -4.251252 ], [ -45.87256, -4.253721 ], [ -45.869729, -4.256919 ], [ -45.866633, -4.255632 ] ] ] } },
{ "type": "Feature", "properties": { "WKT": "POLYGON ((-46.835783 -6.443016,-46.836029 -6.445099,-46.837203 -6.446912,-46.829134 -6.44966,-46.82579 -6.447083,-46.824689 -6.446639,-46.835783 -6.443016))", "polygon_id": "8907790", "#NR_UNCO_OPR": "20222344975021887", "#NRO_PROP": "567604552", "#CD_CLI": "605637740", "#NM_CLI": "JOSE JANIELSON PEREIRA ALENCAR", "#NR_REF_RCR": "221113880", "#NRO_OPER": "567601169", "#SGL_SIST_RSPV_CNDU": "COP", "#CD_TIP_OBJ_NEG_CRD": "1", "#NR_OBJ_NEG_CRD": "567604552", "#SG_SIS_CDTR": "COP", "#CD_PRF_DEPE_CDTR": "5676", "#NR_SEQL_OBJ_NEG": "1", "#NR_UTZO_GER": "8907790", "#CD_LCZC_ACT_BC": "0", "#COD_MUNC": "84921", "#ARE_IMOV_LCZO_ITEM": "128.18", "#COD_BEM": "538596240", "#SEQ_CESS_IMOV": "1", "#COD_NMRO_ICRA": "9510214750172", "#CD_CEND": "100002490", "#CD_REG_CAR": "MA21110521D89D5A4747E424799B4A0E2DDCB0814", "#F_CLTE_PROP_PRINC": "106413944" }, "geometry": { "type": "Polygon", "coordinates": [ [ [ -46.835783, -6.443016 ], [ -46.836029, -6.445099 ], [ -46.837203, -6.446912 ], [ -46.829134, -6.44966 ], [ -46.82579, -6.447083 ], [ -46.824689, -6.446639 ], [ -46.835783, -6.443016 ] ] ] } },
{ "type": "Feature", "properties": { "WKT": "POLYGON ((-45.254031 -4.479814,-45.25841 -4.47674,-45.262536 -4.481577,-45.255879 -4.484412,-45.254031 -4.479814))", "polygon_id": "8924676", "#NR_UNCO_OPR": "20222445979621445", "#NRO_PROP": "567604481", "#CD_CLI": "911061676", "#NM_CLI": "NEYVAN NOGUEIRA SANTOS", "#NR_REF_RCR": "221234669", "#NRO_OPER": "4000180", "#SGL_SIST_RSPV_CNDU": "XER", "#CD_TIP_OBJ_NEG_CRD": "1", "#NR_OBJ_NEG_CRD": "567604481", "#SG_SIS_CDTR": "COP", "#CD_PRF_DEPE_CDTR": "5676", "#NR_SEQL_OBJ_NEG": "1", "#NR_UTZO_GER": "8924676", "#CD_LCZC_ACT_BC": "0", "#COD_MUNC": "67850", "#ARE_IMOV_LCZO_ITEM": "717.69", "#COD_BEM": "538217715", "#SEQ_CESS_IMOV": "", "#COD_NMRO_ICRA": "9511457129499", "#CD_CEND": "100000765", "#CD_REG_CAR": "MA2108108B5660BDE97BB4CE2A88FDD07D7A17B9E", "#F_CLTE_PROP_PRINC": "911061676" }, "geometry": { "type": "Polygon", "coordinates": [ [ [ -45.254031, -4.479814 ], [ -45.25841, -4.47674 ], [ -45.262536, -4.481577 ], [ -45.255879, -4.484412 ], [ -45.254031, -4.479814 ] ] ] } },
{ "type": "Feature", "properties": { "WKT": "POLYGON ((-45.275412 -4.45759,-45.275906 -4.452954,-45.280574 -4.453072,-45.277988 -4.448836,-45.285549 -4.456539,-45.275412 -4.45759))", "polygon_id": "8938261", "#NR_UNCO_OPR": "20222453404021908", "#NRO_PROP": "567604483", "#CD_CLI": "925618297", "#NM_CLI": "FABIO SOUSA BORGES", "#NR_REF_RCR": "221245910", "#NRO_OPER": "4000182", "#SGL_SIST_RSPV_CNDU": "XER", "#CD_TIP_OBJ_NEG_CRD": "1", "#NR_OBJ_NEG_CRD": "567604483", "#SG_SIS_CDTR": "COP", "#CD_PRF_DEPE_CDTR": "5676", "#NR_SEQL_OBJ_NEG": "1", "#NR_UTZO_GER": "8938261", "#CD_LCZC_ACT_BC": "0", "#COD_MUNC": "67850", "#ARE_IMOV_LCZO_ITEM": "250.48", "#COD_BEM": "538218034", "#SEQ_CESS_IMOV": "", "#COD_NMRO_ICRA": "", "#CD_CEND": "100000765", "#CD_REG_CAR": "MA2108108ADE9022FE5A0415582DD43F0772F3672", "#F_CLTE_PROP_PRINC": "925618297" }, "geometry": { "type": "Polygon", "coordinates": [ [ [ -45.275412, -4.45759 ], [ -45.275906, -4.452954 ], [ -45.280574, -4.453072 ], [ -45.277988, -4.448836 ], [ -45.285549, -4.456539 ], [ -45.275412, -4.45759 ] ] ] } },
{ "type": "Feature", "properties": { "WKT": "POLYGON ((-46.835783 -6.443016,-46.835783 -6.443016,-46.836029 -6.445099,-46.836029 -6.445099,-46.837203 -6.446912,-46.837203 -6.446912,-46.829134 -6.44966,-46.829134 -6.44966,-46.82579 -6.447083,-46.82579 -6.447083,-46.824689 -6.446639,-46.824689 -6.446639,-46.835783 -6.443016,-46.835783 -6.443016))", "polygon_id": "8939284", "#NR_UNCO_OPR": "20222513935921773", "#NRO_PROP": "567604569", "#CD_CLI": "605637740", "#NM_CLI": "JOSE JANIELSON PEREIRA ALENCAR", "#NR_REF_RCR": "221234681", "#NRO_OPER": "4000181", "#SGL_SIST_RSPV_CNDU": "XER", "#CD_TIP_OBJ_NEG_CRD": "1", "#NR_OBJ_NEG_CRD": "567604569", "#SG_SIS_CDTR": "COP", "#CD_PRF_DEPE_CDTR": "5676", "#NR_SEQL_OBJ_NEG": "4", "#NR_UTZO_GER": "8939284", "#CD_LCZC_ACT_BC": "0", "#COD_MUNC": "84921", "#ARE_IMOV_LCZO_ITEM": "128", "#COD_BEM": "538596240", "#SEQ_CESS_IMOV": "1", "#COD_NMRO_ICRA": "9510214750172", "#CD_CEND": "100002490", "#CD_REG_CAR": "MA21110521D89D5A4747E424799B4A0E2DDCB0814", "#F_CLTE_PROP_PRINC": "106413944" }, "geometry": { "type": "Polygon", "coordinates": [ [ [ -46.835783, -6.443016 ], [ -46.835783, -6.443016 ], [ -46.836029, -6.445099 ], [ -46.836029, -6.445099 ], [ -46.837203, -6.446912 ], [ -46.837203, -6.446912 ], [ -46.829134, -6.44966 ], [ -46.829134, -6.44966 ], [ -46.82579, -6.447083 ], [ -46.82579, -6.447083 ], [ -46.824689, -6.446639 ], [ -46.824689, -6.446639 ], [ -46.835783, -6.443016 ], [ -46.835783, -6.443016 ] ] ] } },
{ "type": "Feature", "properties": { "WKT": "POLYGON ((-46.835783 -6.443016,-46.836029 -6.445099,-46.837203 -6.446912,-46.829134 -6.44966,-46.82579 -6.447083,-46.824689 -6.446639,-46.835783 -6.443016))", "polygon_id": "8939322", "#NR_UNCO_OPR": "20222513935921773", "#NRO_PROP": "567604569", "#CD_CLI": "605637740", "#NM_CLI": "JOSE JANIELSON PEREIRA ALENCAR", "#NR_REF_RCR": "221234681", "#NRO_OPER": "4000181", "#SGL_SIST_RSPV_CNDU": "XER", "#CD_TIP_OBJ_NEG_CRD": "1", "#NR_OBJ_NEG_CRD": "567604569", "#SG_SIS_CDTR": "COP", "#CD_PRF_DEPE_CDTR": "5676", "#NR_SEQL_OBJ_NEG": "3", "#NR_UTZO_GER": "8939322", "#CD_LCZC_ACT_BC": "0", "#COD_MUNC": "84921", "#ARE_IMOV_LCZO_ITEM": "128", "#COD_BEM": "538596240", "#SEQ_CESS_IMOV": "1", "#COD_NMRO_ICRA": "9510214750172", "#CD_CEND": "100002490", "#CD_REG_CAR": "MA21110521D89D5A4747E424799B4A0E2DDCB0814", "#F_CLTE_PROP_PRINC": "106413944" }, "geometry": { "type": "Polygon", "coordinates": [ [ [ -46.835783, -6.443016 ], [ -46.836029, -6.445099 ], [ -46.837203, -6.446912 ], [ -46.829134, -6.44966 ], [ -46.82579, -6.447083 ], [ -46.824689, -6.446639 ], [ -46.835783, -6.443016 ] ] ] } },
{ "type": "Feature", "properties": { "WKT": "POLYGON ((-45.343829 -4.432039,-45.343829 -4.432039,-45.343255 -4.432413,-45.343255 -4.432413,-45.342648 -4.432707,-45.342648 -4.432707,-45.342304 -4.432492,-45.342304 -4.432492,-45.341802 -4.432097,-45.341802 -4.432097,-45.34068 -4.431538,-45.34068 -4.431538,-45.340468 -4.430918,-45.340468 -4.430918,-45.341059 -4.429428,-45.341059 -4.429428,-45.339741 -4.430529,-45.339741 -4.430529,-45.338921 -4.43002,-45.338921 -4.43002,-45.337175 -4.430675,-45.337175 -4.430675,-45.334791 -4.427513,-45.334791 -4.427513,-45.335571 -4.424931,-45.335571 -4.424931,-45.340703 -4.425028,-45.340703 -4.425028,-45.34106 -4.427336,-45.34106 -4.427336,-45.341762 -4.428189,-45.341762 -4.428189,-45.342354 -4.428664,-45.342354 -4.428664,-45.342988 -4.429542,-45.342988 -4.429542,-45.34313 -4.429988,-45.34313 -4.429988,-45.343266 -4.430674,-45.343266 -4.430674,-45.344922 -4.431652,-45.344922 -4.431652,-45.343829 -4.432039,-45.343829 -4.432039))", "polygon_id": "8961440", "#NR_UNCO_OPR": "20222994160821175", "#NRO_PROP": "567604578", "#CD_CLI": "338097599", "#NM_CLI": "MARIA LUCICLEIDE SOUSA BATISTA", "#NR_REF_RCR": "221503272", "#NRO_OPER": "4000199", "#SGL_SIST_RSPV_CNDU": "XER", "#CD_TIP_OBJ_NEG_CRD": "1", "#NR_OBJ_NEG_CRD": "567604578", "#SG_SIS_CDTR": "COP", "#CD_PRF_DEPE_CDTR": "5676", "#NR_SEQL_OBJ_NEG": "1", "#NR_UTZO_GER": "8961440", "#CD_LCZC_ACT_BC": "0", "#COD_MUNC": "67850", "#ARE_IMOV_LCZO_ITEM": "99.01", "#COD_BEM": "538182572", "#SEQ_CESS_IMOV": "", "#COD_NMRO_ICRA": "", "#CD_CEND": "100002751", "#CD_REG_CAR": "MA2106359896D65A1CF0B4A829C9D67890B035531", "#F_CLTE_PROP_PRINC": "338097599" }, "geometry": { "type": "Polygon", "coordinates": [ [ [ -45.343829, -4.432039 ], [ -45.343829, -4.432039 ], [ -45.343255, -4.432413 ], [ -45.343255, -4.432413 ], [ -45.342648, -4.432707 ], [ -45.342648, -4.432707 ], [ -45.342304, -4.432492 ], [ -45.342304, -4.432492 ], [ -45.341802, -4.432097 ], [ -45.341802, -4.432097 ], [ -45.34068, -4.431538 ], [ -45.34068, -4.431538 ], [ -45.340468, -4.430918 ], [ -45.340468, -4.430918 ], [ -45.341059, -4.429428 ], [ -45.341059, -4.429428 ], [ -45.339741, -4.430529 ], [ -45.339741, -4.430529 ], [ -45.338921, -4.43002 ], [ -45.338921, -4.43002 ], [ -45.337175, -4.430675 ], [ -45.337175, -4.430675 ], [ -45.334791, -4.427513 ], [ -45.334791, -4.427513 ], [ -45.335571, -4.424931 ], [ -45.335571, -4.424931 ], [ -45.340703, -4.425028 ], [ -45.340703, -4.425028 ], [ -45.34106, -4.427336 ], [ -45.34106, -4.427336 ], [ -45.341762, -4.428189 ], [ -45.341762, -4.428189 ], [ -45.342354, -4.428664 ], [ -45.342354, -4.428664 ], [ -45.342988, -4.429542 ], [ -45.342988, -4.429542 ], [ -45.34313, -4.429988 ], [ -45.34313, -4.429988 ], [ -45.343266, -4.430674 ], [ -45.343266, -4.430674 ], [ -45.344922, -4.431652 ], [ -45.344922, -4.431652 ], [ -45.343829, -4.432039 ], [ -45.343829, -4.432039 ] ] ] } },
{ "type": "Feature", "properties": { "WKT": "POLYGON ((-46.063249 -4.262734,-46.061616 -4.263675,-46.056259 -4.264383,-46.054813 -4.258112,-46.059322 -4.25749,-46.060252 -4.257482,-46.062851 -4.259842,-46.063249 -4.262734))", "polygon_id": "8964980", "#NR_UNCO_OPR": "20222844343621879", "#NRO_PROP": "567604577", "#CD_CLI": "909071434", "#NM_CLI": "EDIVANEA ALMEIDA DE SOUSA", "#NR_REF_RCR": "221478234", "#NRO_OPER": "4000197", "#SGL_SIST_RSPV_CNDU": "XER", "#CD_TIP_OBJ_NEG_CRD": "1", "#NR_OBJ_NEG_CRD": "567604577", "#SG_SIS_CDTR": "COP", "#CD_PRF_DEPE_CDTR": "5676", "#NR_SEQL_OBJ_NEG": "2", "#NR_UTZO_GER": "8964980", "#CD_LCZC_ACT_BC": "0", "#COD_MUNC": "80500", "#ARE_IMOV_LCZO_ITEM": "104.24", "#COD_BEM": "538229636", "#SEQ_CESS_IMOV": "", "#COD_NMRO_ICRA": "", "#CD_CEND": "100002332", "#CD_REG_CAR": "MA2110005B5155D774BD842D89713AB87F3E5E012", "#F_CLTE_PROP_PRINC": "909071434" }, "geometry": { "type": "Polygon", "coordinates": [ [ [ -46.063249, -4.262734 ], [ -46.061616, -4.263675 ], [ -46.056259, -4.264383 ], [ -46.054813, -4.258112 ], [ -46.059322, -4.25749 ], [ -46.060252, -4.257482 ], [ -46.062851, -4.259842 ], [ -46.063249, -4.262734 ] ] ] } },
{ "type": "Feature", "properties": { "WKT": "POLYGON ((-45.343829 -4.432039,-45.343829 -4.432039,-45.343255 -4.432413,-45.343255 -4.432413,-45.342648 -4.432707,-45.342648 -4.432707,-45.342304 -4.432492,-45.342304 -4.432492,-45.341802 -4.432097,-45.341802 -4.432097,-45.34068 -4.431538,-45.34068 -4.431538,-45.340468 -4.430918,-45.340468 -4.430918,-45.341059 -4.429428,-45.341059 -4.429428,-45.339741 -4.430529,-45.339741 -4.430529,-45.338921 -4.43002,-45.338921 -4.43002,-45.337175 -4.430675,-45.337175 -4.430675,-45.334791 -4.427513,-45.334791 -4.427513,-45.335571 -4.424931,-45.335571 -4.424931,-45.340703 -4.425028,-45.340703 -4.425028,-45.34106 -4.427336,-45.34106 -4.427336,-45.341762 -4.428189,-45.341762 -4.428189,-45.342354 -4.428664,-45.342354 -4.428664,-45.342988 -4.429542,-45.342988 -4.429542,-45.34313 -4.429988,-45.34313 -4.429988,-45.343266 -4.430674,-45.343266 -4.430674,-45.344922 -4.431652,-45.344922 -4.431652,-45.343829 -4.432039,-45.343829 -4.432039))", "polygon_id": "8965038", "#NR_UNCO_OPR": "20222994160821175", "#NRO_PROP": "567604578", "#CD_CLI": "338097599", "#NM_CLI": "MARIA LUCICLEIDE SOUSA BATISTA", "#NR_REF_RCR": "221503272", "#NRO_OPER": "4000199", "#SGL_SIST_RSPV_CNDU": "XER", "#CD_TIP_OBJ_NEG_CRD": "1", "#NR_OBJ_NEG_CRD": "567604578", "#SG_SIS_CDTR": "COP", "#CD_PRF_DEPE_CDTR": "5676", "#NR_SEQL_OBJ_NEG": "2", "#NR_UTZO_GER": "8965038", "#CD_LCZC_ACT_BC": "0", "#COD_MUNC": "67850", "#ARE_IMOV_LCZO_ITEM": "99.01", "#COD_BEM": "538182572", "#SEQ_CESS_IMOV": "", "#COD_NMRO_ICRA": "", "#CD_CEND": "100002751", "#CD_REG_CAR": "MA2106359896D65A1CF0B4A829C9D67890B035531", "#F_CLTE_PROP_PRINC": "338097599" }, "geometry": { "type": "Polygon", "coordinates": [ [ [ -45.343829, -4.432039 ], [ -45.343829, -4.432039 ], [ -45.343255, -4.432413 ], [ -45.343255, -4.432413 ], [ -45.342648, -4.432707 ], [ -45.342648, -4.432707 ], [ -45.342304, -4.432492 ], [ -45.342304, -4.432492 ], [ -45.341802, -4.432097 ], [ -45.341802, -4.432097 ], [ -45.34068, -4.431538 ], [ -45.34068, -4.431538 ], [ -45.340468, -4.430918 ], [ -45.340468, -4.430918 ], [ -45.341059, -4.429428 ], [ -45.341059, -4.429428 ], [ -45.339741, -4.430529 ], [ -45.339741, -4.430529 ], [ -45.338921, -4.43002 ], [ -45.338921, -4.43002 ], [ -45.337175, -4.430675 ], [ -45.337175, -4.430675 ], [ -45.334791, -4.427513 ], [ -45.334791, -4.427513 ], [ -45.335571, -4.424931 ], [ -45.335571, -4.424931 ], [ -45.340703, -4.425028 ], [ -45.340703, -4.425028 ], [ -45.34106, -4.427336 ], [ -45.34106, -4.427336 ], [ -45.341762, -4.428189 ], [ -45.341762, -4.428189 ], [ -45.342354, -4.428664 ], [ -45.342354, -4.428664 ], [ -45.342988, -4.429542 ], [ -45.342988, -4.429542 ], [ -45.34313, -4.429988 ], [ -45.34313, -4.429988 ], [ -45.343266, -4.430674 ], [ -45.343266, -4.430674 ], [ -45.344922, -4.431652 ], [ -45.344922, -4.431652 ], [ -45.343829, -4.432039 ], [ -45.343829, -4.432039 ] ] ] } },
{ "type": "Feature", "properties": { "WKT": "POLYGON ((-46.063249 -4.262734,-46.063249 -4.262734,-46.061616 -4.263675,-46.061616 -4.263675,-46.056259 -4.264383,-46.056259 -4.264383,-46.054813 -4.258112,-46.054813 -4.258112,-46.059322 -4.25749,-46.059322 -4.25749,-46.060252 -4.257482,-46.060252 -4.257482,-46.062851 -4.259842,-46.062851 -4.259842,-46.063249 -4.262734,-46.063249 -4.262734))", "polygon_id": "8966288", "#NR_UNCO_OPR": "20222844343621879", "#NRO_PROP": "567604577", "#CD_CLI": "909071434", "#NM_CLI": "EDIVANEA ALMEIDA DE SOUSA", "#NR_REF_RCR": "221478234", "#NRO_OPER": "4000197", "#SGL_SIST_RSPV_CNDU": "XER", "#CD_TIP_OBJ_NEG_CRD": "1", "#NR_OBJ_NEG_CRD": "567604577", "#SG_SIS_CDTR": "COP", "#CD_PRF_DEPE_CDTR": "5676", "#NR_SEQL_OBJ_NEG": "1", "#NR_UTZO_GER": "8966288", "#CD_LCZC_ACT_BC": "0", "#COD_MUNC": "80500", "#ARE_IMOV_LCZO_ITEM": "104.24", "#COD_BEM": "538229636", "#SEQ_CESS_IMOV": "", "#COD_NMRO_ICRA": "", "#CD_CEND": "100002332", "#CD_REG_CAR": "MA2110005B5155D774BD842D89713AB87F3E5E012", "#F_CLTE_PROP_PRINC": "909071434" }, "geometry": { "type": "Polygon", "coordinates": [ [ [ -46.063249, -4.262734 ], [ -46.063249, -4.262734 ], [ -46.061616, -4.263675 ], [ -46.061616, -4.263675 ], [ -46.056259, -4.264383 ], [ -46.056259, -4.264383 ], [ -46.054813, -4.258112 ], [ -46.054813, -4.258112 ], [ -46.059322, -4.25749 ], [ -46.059322, -4.25749 ], [ -46.060252, -4.257482 ], [ -46.060252, -4.257482 ], [ -46.062851, -4.259842 ], [ -46.062851, -4.259842 ], [ -46.063249, -4.262734 ], [ -46.063249, -4.262734 ] ] ] } },
{ "type": "Feature", "properties": { "WKT": "POLYGON ((-45.754823 -3.7806,-45.759244 -3.78226,-45.761971 -3.779741,-45.76478 -3.784948,-45.760163 -3.788149,-45.755868 -3.785678,-45.754823 -3.7806))", "polygon_id": "8994303", "#NR_UNCO_OPR": "20222634382721288", "#NRO_PROP": "567604592", "#CD_CLI": "469707791", "#NM_CLI": "EZEQUIEL SILVA E SILVA", "#NR_REF_RCR": "221350597", "#NRO_OPER": "4000189", "#SGL_SIST_RSPV_CNDU": "XER", "#CD_TIP_OBJ_NEG_CRD": "1", "#NR_OBJ_NEG_CRD": "567604592", "#SG_SIS_CDTR": "COP", "#CD_PRF_DEPE_CDTR": "5676", "#NR_SEQL_OBJ_NEG": "2", "#NR_UTZO_GER": "8994303", "#CD_LCZC_ACT_BC": "0", "#COD_MUNC": "5586", "#ARE_IMOV_LCZO_ITEM": "98.7", "#COD_BEM": "536084440", "#SEQ_CESS_IMOV": "", "#COD_NMRO_ICRA": "", "#CD_CEND": "100000120", "#CD_REG_CAR": "MA21004775F22820EE3EE4D9E8EA867F16D45488F", "#F_CLTE_PROP_PRINC": "469707791" }, "geometry": { "type": "Polygon", "coordinates": [ [ [ -45.754823, -3.7806 ], [ -45.759244, -3.78226 ], [ -45.761971, -3.779741 ], [ -45.76478, -3.784948 ], [ -45.760163, -3.788149 ], [ -45.755868, -3.785678 ], [ -45.754823, -3.7806 ] ] ] } },
{ "type": "Feature", "properties": { "WKT": "POLYGON ((-45.754823 -3.7806,-45.754823 -3.7806,-45.759244 -3.78226,-45.759244 -3.78226,-45.761971 -3.779741,-45.761971 -3.779741,-45.76478 -3.784948,-45.76478 -3.784948,-45.760163 -3.788149,-45.760163 -3.788149,-45.755868 -3.785678,-45.755868 -3.785678,-45.754823 -3.7806,-45.754823 -3.7806))", "polygon_id": "8995819", "#NR_UNCO_OPR": "20222634382721288", "#NRO_PROP": "567604592", "#CD_CLI": "469707791", "#NM_CLI": "EZEQUIEL SILVA E SILVA", "#NR_REF_RCR": "221350597", "#NRO_OPER": "4000189", "#SGL_SIST_RSPV_CNDU": "XER", "#CD_TIP_OBJ_NEG_CRD": "1", "#NR_OBJ_NEG_CRD": "567604592", "#SG_SIS_CDTR": "COP", "#CD_PRF_DEPE_CDTR": "5676", "#NR_SEQL_OBJ_NEG": "1", "#NR_UTZO_GER": "8995819", "#CD_LCZC_ACT_BC": "0", "#COD_MUNC": "5586", "#ARE_IMOV_LCZO_ITEM": "98.7", "#COD_BEM": "536084440", "#SEQ_CESS_IMOV": "", "#COD_NMRO_ICRA": "", "#CD_CEND": "100000120", "#CD_REG_CAR": "MA21004775F22820EE3EE4D9E8EA867F16D45488F", "#F_CLTE_PROP_PRINC": "469707791" }, "geometry": { "type": "Polygon", "coordinates": [ [ [ -45.754823, -3.7806 ], [ -45.754823, -3.7806 ], [ -45.759244, -3.78226 ], [ -45.759244, -3.78226 ], [ -45.761971, -3.779741 ], [ -45.761971, -3.779741 ], [ -45.76478, -3.784948 ], [ -45.76478, -3.784948 ], [ -45.760163, -3.788149 ], [ -45.760163, -3.788149 ], [ -45.755868, -3.785678 ], [ -45.755868, -3.785678 ], [ -45.754823, -3.7806 ], [ -45.754823, -3.7806 ] ] ] } },
{ "type": "Feature", "properties": { "WKT": "POLYGON ((-45.265009 -4.51082,-45.265009 -4.51082,-45.264748 -4.500745,-45.264748 -4.500745,-45.270809 -4.500084,-45.270809 -4.500084,-45.273605 -4.509711,-45.273605 -4.509711,-45.265009 -4.51082,-45.265009 -4.51082))", "polygon_id": "9046838", "#NR_UNCO_OPR": "20222905482521404", "#NRO_PROP": "567604574", "#CD_CLI": "925618297", "#NM_CLI": "FABIO SOUSA BORGES", "#NR_REF_RCR": "221503283", "#NRO_OPER": "4000198", "#SGL_SIST_RSPV_CNDU": "XER", "#CD_TIP_OBJ_NEG_CRD": "1", "#NR_OBJ_NEG_CRD": "567604574", "#SG_SIS_CDTR": "COP", "#CD_PRF_DEPE_CDTR": "5676", "#NR_SEQL_OBJ_NEG": "5", "#NR_UTZO_GER": "9046838", "#CD_LCZC_ACT_BC": "0", "#COD_MUNC": "67850", "#ARE_IMOV_LCZO_ITEM": "250.48", "#COD_BEM": "538218034", "#SEQ_CESS_IMOV": "", "#COD_NMRO_ICRA": "", "#CD_CEND": "100000765", "#CD_REG_CAR": "MA2108108ADE9022FE5A0415582DD43F0772F3672", "#F_CLTE_PROP_PRINC": "925618297" }, "geometry": { "type": "Polygon", "coordinates": [ [ [ -45.265009, -4.51082 ], [ -45.265009, -4.51082 ], [ -45.264748, -4.500745 ], [ -45.264748, -4.500745 ], [ -45.270809, -4.500084 ], [ -45.270809, -4.500084 ], [ -45.273605, -4.509711 ], [ -45.273605, -4.509711 ], [ -45.265009, -4.51082 ], [ -45.265009, -4.51082 ] ] ] } },
{ "type": "Feature", "properties": { "WKT": "POLYGON ((-45.265009 -4.51082,-45.265009 -4.51082,-45.264748 -4.500745,-45.264748 -4.500745,-45.270809 -4.500084,-45.270809 -4.500084,-45.273605 -4.509711,-45.273605 -4.509711,-45.265009 -4.51082,-45.265009 -4.51082))", "polygon_id": "9047579", "#NR_UNCO_OPR": "20222905482521404", "#NRO_PROP": "567604574", "#CD_CLI": "925618297", "#NM_CLI": "FABIO SOUSA BORGES", "#NR_REF_RCR": "221503283", "#NRO_OPER": "4000198", "#SGL_SIST_RSPV_CNDU": "XER", "#CD_TIP_OBJ_NEG_CRD": "1", "#NR_OBJ_NEG_CRD": "567604574", "#SG_SIS_CDTR": "COP", "#CD_PRF_DEPE_CDTR": "5676", "#NR_SEQL_OBJ_NEG": "1", "#NR_UTZO_GER": "9047579", "#CD_LCZC_ACT_BC": "0", "#COD_MUNC": "67850", "#ARE_IMOV_LCZO_ITEM": "250.48", "#COD_BEM": "538218034", "#SEQ_CESS_IMOV": "", "#COD_NMRO_ICRA": "", "#CD_CEND": "100000765", "#CD_REG_CAR": "MA2108108ADE9022FE5A0415582DD43F0772F3672", "#F_CLTE_PROP_PRINC": "925618297" }, "geometry": { "type": "Polygon", "coordinates": [ [ [ -45.265009, -4.51082 ], [ -45.265009, -4.51082 ], [ -45.264748, -4.500745 ], [ -45.264748, -4.500745 ], [ -45.270809, -4.500084 ], [ -45.270809, -4.500084 ], [ -45.273605, -4.509711 ], [ -45.273605, -4.509711 ], [ -45.265009, -4.51082 ], [ -45.265009, -4.51082 ] ] ] } },
{ "type": "Feature", "properties": { "WKT": "POLYGON ((-45.265009 -4.51082,-45.265009 -4.51082,-45.264748 -4.500745,-45.264748 -4.500745,-45.270809 -4.500084,-45.270809 -4.500084,-45.273605 -4.509711,-45.273605 -4.509711,-45.265009 -4.51082,-45.265009 -4.51082))", "polygon_id": "9048519", "#NR_UNCO_OPR": "20222905482521404", "#NRO_PROP": "567604574", "#CD_CLI": "925618297", "#NM_CLI": "FABIO SOUSA BORGES", "#NR_REF_RCR": "221503283", "#NRO_OPER": "4000198", "#SGL_SIST_RSPV_CNDU": "XER", "#CD_TIP_OBJ_NEG_CRD": "1", "#NR_OBJ_NEG_CRD": "567604574", "#SG_SIS_CDTR": "COP", "#CD_PRF_DEPE_CDTR": "5676", "#NR_SEQL_OBJ_NEG": "2", "#NR_UTZO_GER": "9048519", "#CD_LCZC_ACT_BC": "0", "#COD_MUNC": "67850", "#ARE_IMOV_LCZO_ITEM": "250.48", "#COD_BEM": "538218034", "#SEQ_CESS_IMOV": "", "#COD_NMRO_ICRA": "", "#CD_CEND": "100000765", "#CD_REG_CAR": "MA2108108ADE9022FE5A0415582DD43F0772F3672", "#F_CLTE_PROP_PRINC": "925618297" }, "geometry": { "type": "Polygon", "coordinates": [ [ [ -45.265009, -4.51082 ], [ -45.265009, -4.51082 ], [ -45.264748, -4.500745 ], [ -45.264748, -4.500745 ], [ -45.270809, -4.500084 ], [ -45.270809, -4.500084 ], [ -45.273605, -4.509711 ], [ -45.273605, -4.509711 ], [ -45.265009, -4.51082 ], [ -45.265009, -4.51082 ] ] ] } },
{ "type": "Feature", "properties": { "WKT": "POLYGON ((-45.346947 -4.465064,-45.346824 -4.471242,-45.342274 -4.47038,-45.342934 -4.465711,-45.346947 -4.465064))", "polygon_id": "9148087", "#NR_UNCO_OPR": "20222714449821307", "#NRO_PROP": "567604637", "#CD_CLI": "703877855", "#NM_CLI": "MESSIAS CONCEICAO DA SILVA", "#NR_REF_RCR": "221373945", "#NRO_OPER": "4000192", "#SGL_SIST_RSPV_CNDU": "XER", "#CD_TIP_OBJ_NEG_CRD": "1", "#NR_OBJ_NEG_CRD": "567604637", "#SG_SIS_CDTR": "COP", "#CD_PRF_DEPE_CDTR": "5676", "#NR_SEQL_OBJ_NEG": "1", "#NR_UTZO_GER": "9148087", "#CD_LCZC_ACT_BC": "0", "#COD_MUNC": "67850", "#ARE_IMOV_LCZO_ITEM": "297.11", "#COD_BEM": "538928300", "#SEQ_CESS_IMOV": "", "#COD_NMRO_ICRA": "9510800304068", "#CD_CEND": "100002751", "#CD_REG_CAR": "MA2108108AC4F92157E2147C48429180BF678B72B", "#F_CLTE_PROP_PRINC": "703877855" }, "geometry": { "type": "Polygon", "coordinates": [ [ [ -45.346947, -4.465064 ], [ -45.346824, -4.471242 ], [ -45.342274, -4.47038 ], [ -45.342934, -4.465711 ], [ -45.346947, -4.465064 ] ] ] } },
{ "type": "Feature", "properties": { "WKT": "POLYGON ((-45.343005 -4.450306,-45.343005 -4.450306,-45.345211 -4.457176,-45.345211 -4.457176,-45.337338 -4.461789,-45.337338 -4.461789,-45.335201 -4.45158,-45.335201 -4.45158,-45.343005 -4.450306,-45.343005 -4.450306))", "polygon_id": "9169499", "#NR_UNCO_OPR": "20223074295921304", "#NRO_PROP": "567604647", "#CD_CLI": "703877855", "#NM_CLI": "MESSIAS CONCEICAO DA SILVA", "#NR_REF_RCR": "221623782", "#NRO_OPER": "4000210", "#SGL_SIST_RSPV_CNDU": "XER", "#CD_TIP_OBJ_NEG_CRD": "1", "#NR_OBJ_NEG_CRD": "567604647", "#SG_SIS_CDTR": "COP", "#CD_PRF_DEPE_CDTR": "5676", "#NR_SEQL_OBJ_NEG": "1", "#NR_UTZO_GER": "9169499", "#CD_LCZC_ACT_BC": "0", "#COD_MUNC": "67850", "#ARE_IMOV_LCZO_ITEM": "297.11", "#COD_BEM": "538928300", "#SEQ_CESS_IMOV": "", "#COD_NMRO_ICRA": "9510800304068", "#CD_CEND": "100002751", "#CD_REG_CAR": "MA2108108AC4F92157E2147C48429180BF678B72B", "#F_CLTE_PROP_PRINC": "703877855" }, "geometry": { "type": "Polygon", "coordinates": [ [ [ -45.343005, -4.450306 ], [ -45.343005, -4.450306 ], [ -45.345211, -4.457176 ], [ -45.345211, -4.457176 ], [ -45.337338, -4.461789 ], [ -45.337338, -4.461789 ], [ -45.335201, -4.45158 ], [ -45.335201, -4.45158 ], [ -45.343005, -4.450306 ], [ -45.343005, -4.450306 ] ] ] } },
{ "type": "Feature", "properties": { "WKT": "POLYGON ((-45.343005 -4.450306,-45.343005 -4.450306,-45.345211 -4.457176,-45.345211 -4.457176,-45.337338 -4.461789,-45.337338 -4.461789,-45.335201 -4.45158,-45.335201 -4.45158,-45.343005 -4.450306,-45.343005 -4.450306))", "polygon_id": "9169504", "#NR_UNCO_OPR": "20223074295921304", "#NRO_PROP": "567604647", "#CD_CLI": "703877855", "#NM_CLI": "MESSIAS CONCEICAO DA SILVA", "#NR_REF_RCR": "221623782", "#NRO_OPER": "4000210", "#SGL_SIST_RSPV_CNDU": "XER", "#CD_TIP_OBJ_NEG_CRD": "1", "#NR_OBJ_NEG_CRD": "567604647", "#SG_SIS_CDTR": "COP", "#CD_PRF_DEPE_CDTR": "5676", "#NR_SEQL_OBJ_NEG": "2", "#NR_UTZO_GER": "9169504", "#CD_LCZC_ACT_BC": "0", "#COD_MUNC": "67850", "#ARE_IMOV_LCZO_ITEM": "297.11", "#COD_BEM": "538928300", "#SEQ_CESS_IMOV": "", "#COD_NMRO_ICRA": "9510800304068", "#CD_CEND": "100002751", "#CD_REG_CAR": "MA2108108AC4F92157E2147C48429180BF678B72B", "#F_CLTE_PROP_PRINC": "703877855" }, "geometry": { "type": "Polygon", "coordinates": [ [ [ -45.343005, -4.450306 ], [ -45.343005, -4.450306 ], [ -45.345211, -4.457176 ], [ -45.345211, -4.457176 ], [ -45.337338, -4.461789 ], [ -45.337338, -4.461789 ], [ -45.335201, -4.45158 ], [ -45.335201, -4.45158 ], [ -45.343005, -4.450306 ], [ -45.343005, -4.450306 ] ] ] } },
{ "type": "Feature", "properties": { "WKT": "POLYGON ((-45.343005 -4.450306,-45.343005 -4.450306,-45.345211 -4.457176,-45.345211 -4.457176,-45.337338 -4.461789,-45.337338 -4.461789,-45.335201 -4.45158,-45.335201 -4.45158,-45.343005 -4.450306,-45.343005 -4.450306))", "polygon_id": "9171161", "#NR_UNCO_OPR": "20223074295921304", "#NRO_PROP": "567604647", "#CD_CLI": "703877855", "#NM_CLI": "MESSIAS CONCEICAO DA SILVA", "#NR_REF_RCR": "221623782", "#NRO_OPER": "4000210", "#SGL_SIST_RSPV_CNDU": "XER", "#CD_TIP_OBJ_NEG_CRD": "1", "#NR_OBJ_NEG_CRD": "567604647", "#SG_SIS_CDTR": "COP", "#CD_PRF_DEPE_CDTR": "5676", "#NR_SEQL_OBJ_NEG": "5", "#NR_UTZO_GER": "9171161", "#CD_LCZC_ACT_BC": "0", "#COD_MUNC": "67850", "#ARE_IMOV_LCZO_ITEM": "297.11", "#COD_BEM": "538928300", "#SEQ_CESS_IMOV": "", "#COD_NMRO_ICRA": "9510800304068", "#CD_CEND": "100002751", "#CD_REG_CAR": "MA2108108AC4F92157E2147C48429180BF678B72B", "#F_CLTE_PROP_PRINC": "703877855" }, "geometry": { "type": "Polygon", "coordinates": [ [ [ -45.343005, -4.450306 ], [ -45.343005, -4.450306 ], [ -45.345211, -4.457176 ], [ -45.345211, -4.457176 ], [ -45.337338, -4.461789 ], [ -45.337338, -4.461789 ], [ -45.335201, -4.45158 ], [ -45.335201, -4.45158 ], [ -45.343005, -4.450306 ], [ -45.343005, -4.450306 ] ] ] } },
{ "type": "Feature", "properties": { "WKT": "POLYGON ((-45.275412 -4.45759,-45.275906 -4.452954,-45.280574 -4.453072,-45.277988 -4.448836,-45.285549 -4.456539,-45.275412 -4.45759))", "polygon_id": "9200824", "#NR_UNCO_OPR": "20222725525521155", "#NRO_PROP": "567604652", "#CD_CLI": "925618297", "#NM_CLI": "FABIO SOUSA BORGES", "#NR_REF_RCR": "221439615", "#NRO_OPER": "567601204", "#SGL_SIST_RSPV_CNDU": "COP", "#CD_TIP_OBJ_NEG_CRD": "1", "#NR_OBJ_NEG_CRD": "567604652", "#SG_SIS_CDTR": "COP", "#CD_PRF_DEPE_CDTR": "5676", "#NR_SEQL_OBJ_NEG": "1", "#NR_UTZO_GER": "9200824", "#CD_LCZC_ACT_BC": "0", "#COD_MUNC": "67850", "#ARE_IMOV_LCZO_ITEM": "250.48", "#COD_BEM": "538218034", "#SEQ_CESS_IMOV": "", "#COD_NMRO_ICRA": "", "#CD_CEND": "100000765", "#CD_REG_CAR": "MA2108108ADE9022FE5A0415582DD43F0772F3672", "#F_CLTE_PROP_PRINC": "925618297" }, "geometry": { "type": "Polygon", "coordinates": [ [ [ -45.275412, -4.45759 ], [ -45.275906, -4.452954 ], [ -45.280574, -4.453072 ], [ -45.277988, -4.448836 ], [ -45.285549, -4.456539 ], [ -45.275412, -4.45759 ] ] ] } },
{ "type": "Feature", "properties": { "WKT": "POLYGON ((-45.815213 -4.208152,-45.815213 -4.208152,-45.810326 -4.198873,-45.810326 -4.198873,-45.814857 -4.195801,-45.814857 -4.195801,-45.822185 -4.201879,-45.822185 -4.201879,-45.815213 -4.208152,-45.815213 -4.208152))", "polygon_id": "9200966", "#NR_UNCO_OPR": "20223013686121768", "#NRO_PROP": "567604643", "#CD_CLI": "914822892", "#NM_CLI": "SEBASTIAO LIMA DA SILVA", "#NR_REF_RCR": "221614983", "#NRO_OPER": "4000209", "#SGL_SIST_RSPV_CNDU": "XER", "#CD_TIP_OBJ_NEG_CRD": "1", "#NR_OBJ_NEG_CRD": "567604643", "#SG_SIS_CDTR": "COP", "#CD_PRF_DEPE_CDTR": "5676", "#NR_SEQL_OBJ_NEG": "1", "#NR_UTZO_GER": "9200966", "#CD_LCZC_ACT_BC": "0", "#COD_MUNC": "80500", "#ARE_IMOV_LCZO_ITEM": "148.22", "#COD_BEM": "514190703", "#SEQ_CESS_IMOV": "", "#COD_NMRO_ICRA": "9500410408002", "#CD_CEND": "100002334", "#CD_REG_CAR": "MA2110005C775898116434D70BF9D4302A317BF58", "#F_CLTE_PROP_PRINC": "914822892" }, "geometry": { "type": "Polygon", "coordinates": [ [ [ -45.815213, -4.208152 ], [ -45.815213, -4.208152 ], [ -45.810326, -4.198873 ], [ -45.810326, -4.198873 ], [ -45.814857, -4.195801 ], [ -45.814857, -4.195801 ], [ -45.822185, -4.201879 ], [ -45.822185, -4.201879 ], [ -45.815213, -4.208152 ], [ -45.815213, -4.208152 ] ] ] } },
{ "type": "Feature", "properties": { "WKT": "POLYGON ((-45.815213 -4.208152,-45.815213 -4.208152,-45.810326 -4.198873,-45.810326 -4.198873,-45.814857 -4.195801,-45.814857 -4.195801,-45.822185 -4.201879,-45.822185 -4.201879,-45.815213 -4.208152,-45.815213 -4.208152))", "polygon_id": "9201689", "#NR_UNCO_OPR": "20223013686121768", "#NRO_PROP": "567604643", "#CD_CLI": "914822892", "#NM_CLI": "SEBASTIAO LIMA DA SILVA", "#NR_REF_RCR": "221614983", "#NRO_OPER": "4000209", "#SGL_SIST_RSPV_CNDU": "XER", "#CD_TIP_OBJ_NEG_CRD": "1", "#NR_OBJ_NEG_CRD": "567604643", "#SG_SIS_CDTR": "COP", "#CD_PRF_DEPE_CDTR": "5676", "#NR_SEQL_OBJ_NEG": "2", "#NR_UTZO_GER": "9201689", "#CD_LCZC_ACT_BC": "0", "#COD_MUNC": "80500", "#ARE_IMOV_LCZO_ITEM": "148.22", "#COD_BEM": "514190703", "#SEQ_CESS_IMOV": "", "#COD_NMRO_ICRA": "9500410408002", "#CD_CEND": "100002334", "#CD_REG_CAR": "MA2110005C775898116434D70BF9D4302A317BF58", "#F_CLTE_PROP_PRINC": "914822892" }, "geometry": { "type": "Polygon", "coordinates": [ [ [ -45.815213, -4.208152 ], [ -45.815213, -4.208152 ], [ -45.810326, -4.198873 ], [ -45.810326, -4.198873 ], [ -45.814857, -4.195801 ], [ -45.814857, -4.195801 ], [ -45.822185, -4.201879 ], [ -45.822185, -4.201879 ], [ -45.815213, -4.208152 ], [ -45.815213, -4.208152 ] ] ] } },
{ "type": "Feature", "properties": { "WKT": "POLYGON ((-45.815213 -4.208152,-45.815213 -4.208152,-45.810326 -4.198873,-45.810326 -4.198873,-45.814857 -4.195801,-45.814857 -4.195801,-45.822185 -4.201879,-45.822185 -4.201879,-45.815213 -4.208152,-45.815213 -4.208152))", "polygon_id": "9201691", "#NR_UNCO_OPR": "20223013686121768", "#NRO_PROP": "567604643", "#CD_CLI": "914822892", "#NM_CLI": "SEBASTIAO LIMA DA SILVA", "#NR_REF_RCR": "221614983", "#NRO_OPER": "4000209", "#SGL_SIST_RSPV_CNDU": "XER", "#CD_TIP_OBJ_NEG_CRD": "1", "#NR_OBJ_NEG_CRD": "567604643", "#SG_SIS_CDTR": "COP", "#CD_PRF_DEPE_CDTR": "5676", "#NR_SEQL_OBJ_NEG": "5", "#NR_UTZO_GER": "9201691", "#CD_LCZC_ACT_BC": "0", "#COD_MUNC": "80500", "#ARE_IMOV_LCZO_ITEM": "148.22", "#COD_BEM": "514190703", "#SEQ_CESS_IMOV": "", "#COD_NMRO_ICRA": "9500410408002", "#CD_CEND": "100002334", "#CD_REG_CAR": "MA2110005C775898116434D70BF9D4302A317BF58", "#F_CLTE_PROP_PRINC": "914822892" }, "geometry": { "type": "Polygon", "coordinates": [ [ [ -45.815213, -4.208152 ], [ -45.815213, -4.208152 ], [ -45.810326, -4.198873 ], [ -45.810326, -4.198873 ], [ -45.814857, -4.195801 ], [ -45.814857, -4.195801 ], [ -45.822185, -4.201879 ], [ -45.822185, -4.201879 ], [ -45.815213, -4.208152 ], [ -45.815213, -4.208152 ] ] ] } },
{ "type": "Feature", "properties": { "WKT": "POLYGON ((-46.712425 -7.122097,-46.712425 -7.122097,-46.705104 -7.115495,-46.705104 -7.115495,-46.709765 -7.110741,-46.709765 -7.110741,-46.712425 -7.122097,-46.712425 -7.122097))", "polygon_id": "9215263", "#NR_UNCO_OPR": "20223155212421504", "#NRO_PROP": "567604656", "#CD_CLI": "919423291", "#NM_CLI": "JOAO MIRANDA DO NASCIMENTO", "#NR_REF_RCR": "221667173", "#NRO_OPER": "4000215", "#SGL_SIST_RSPV_CNDU": "XER", "#CD_TIP_OBJ_NEG_CRD": "1", "#NR_OBJ_NEG_CRD": "567604656", "#SG_SIS_CDTR": "COP", "#CD_PRF_DEPE_CDTR": "5676", "#NR_SEQL_OBJ_NEG": "3", "#NR_UTZO_GER": "9215263", "#CD_LCZC_ACT_BC": "0", "#COD_MUNC": "34197", "#ARE_IMOV_LCZO_ITEM": "159.48", "#COD_BEM": "538840680", "#SEQ_CESS_IMOV": "", "#COD_NMRO_ICRA": "1140570149903", "#CD_CEND": "100001250", "#CD_REG_CAR": "MA2104073E5F27012376E47399FA8BD4C19C247FC", "#F_CLTE_PROP_PRINC": "919423291" }, "geometry": { "type": "Polygon", "coordinates": [ [ [ -46.712425, -7.122097 ], [ -46.712425, -7.122097 ], [ -46.705104, -7.115495 ], [ -46.705104, -7.115495 ], [ -46.709765, -7.110741 ], [ -46.709765, -7.110741 ], [ -46.712425, -7.122097 ], [ -46.712425, -7.122097 ] ] ] } },
{ "type": "Feature", "properties": { "WKT": "POLYGON ((-46.712425 -7.122097,-46.712425 -7.122097,-46.705104 -7.115495,-46.705104 -7.115495,-46.709765 -7.110741,-46.709765 -7.110741,-46.712425 -7.122097,-46.712425 -7.122097))", "polygon_id": "9215315", "#NR_UNCO_OPR": "20223155212421504", "#NRO_PROP": "567604656", "#CD_CLI": "919423291", "#NM_CLI": "JOAO MIRANDA DO NASCIMENTO", "#NR_REF_RCR": "221667173", "#NRO_OPER": "4000215", "#SGL_SIST_RSPV_CNDU": "XER", "#CD_TIP_OBJ_NEG_CRD": "1", "#NR_OBJ_NEG_CRD": "567604656", "#SG_SIS_CDTR": "COP", "#CD_PRF_DEPE_CDTR": "5676", "#NR_SEQL_OBJ_NEG": "4", "#NR_UTZO_GER": "9215315", "#CD_LCZC_ACT_BC": "0", "#COD_MUNC": "34197", "#ARE_IMOV_LCZO_ITEM": "159.48", "#COD_BEM": "538840680", "#SEQ_CESS_IMOV": "", "#COD_NMRO_ICRA": "1140570149903", "#CD_CEND": "100001250", "#CD_REG_CAR": "MA2104073E5F27012376E47399FA8BD4C19C247FC", "#F_CLTE_PROP_PRINC": "919423291" }, "geometry": { "type": "Polygon", "coordinates": [ [ [ -46.712425, -7.122097 ], [ -46.712425, -7.122097 ], [ -46.705104, -7.115495 ], [ -46.705104, -7.115495 ], [ -46.709765, -7.110741 ], [ -46.709765, -7.110741 ], [ -46.712425, -7.122097 ], [ -46.712425, -7.122097 ] ] ] } },
{ "type": "Feature", "properties": { "WKT": "POLYGON ((-46.05981 -4.186793,-46.05981 -4.186793,-46.06015 -4.179611,-46.06015 -4.179611,-46.065115 -4.178142,-46.065115 -4.178142,-46.067117 -4.181468,-46.067117 -4.181468,-46.06571 -4.18637,-46.06571 -4.18637,-46.063832 -4.187247,-46.063832 -4.187247,-46.05981 -4.186793,-46.05981 -4.186793))", "polygon_id": "9230816", "#NR_UNCO_OPR": "20222974619221686", "#NRO_PROP": "567604368", "#CD_CLI": "212044413", "#NM_CLI": "JEFFERSON CATINGUEIRO DE MELO", "#NR_REF_RCR": "221560670", "#NRO_OPER": "4000205", "#SGL_SIST_RSPV_CNDU": "XER", "#CD_TIP_OBJ_NEG_CRD": "1", "#NR_OBJ_NEG_CRD": "567604368", "#SG_SIS_CDTR": "COP", "#CD_PRF_DEPE_CDTR": "5676", "#NR_SEQL_OBJ_NEG": "5", "#NR_UTZO_GER": "9230816", "#CD_LCZC_ACT_BC": "0", "#COD_MUNC": "80500", "#ARE_IMOV_LCZO_ITEM": "92.53", "#COD_BEM": "536204859", "#SEQ_CESS_IMOV": "", "#COD_NMRO_ICRA": "", "#CD_CEND": "100002336", "#CD_REG_CAR": "MA2110005AE32765E7FD64BE5B467C45ACCDABCF9", "#F_CLTE_PROP_PRINC": "212044413" }, "geometry": { "type": "Polygon", "coordinates": [ [ [ -46.05981, -4.186793 ], [ -46.05981, -4.186793 ], [ -46.06015, -4.179611 ], [ -46.06015, -4.179611 ], [ -46.065115, -4.178142 ], [ -46.065115, -4.178142 ], [ -46.067117, -4.181468 ], [ -46.067117, -4.181468 ], [ -46.06571, -4.18637 ], [ -46.06571, -4.18637 ], [ -46.063832, -4.187247 ], [ -46.063832, -4.187247 ], [ -46.05981, -4.186793 ], [ -46.05981, -4.186793 ] ] ] } },
{ "type": "Feature", "properties": { "WKT": "POLYGON ((-46.05981 -4.186793,-46.05981 -4.186793,-46.06015 -4.179611,-46.06015 -4.179611,-46.065115 -4.178142,-46.065115 -4.178142,-46.067117 -4.181468,-46.067117 -4.181468,-46.06571 -4.18637,-46.06571 -4.18637,-46.063832 -4.187247,-46.063832 -4.187247,-46.05981 -4.186793,-46.05981 -4.186793))", "polygon_id": "9232340", "#NR_UNCO_OPR": "20222974619221686", "#NRO_PROP": "567604368", "#CD_CLI": "212044413", "#NM_CLI": "JEFFERSON CATINGUEIRO DE MELO", "#NR_REF_RCR": "221560670", "#NRO_OPER": "4000205", "#SGL_SIST_RSPV_CNDU": "XER", "#CD_TIP_OBJ_NEG_CRD": "1", "#NR_OBJ_NEG_CRD": "567604368", "#SG_SIS_CDTR": "COP", "#CD_PRF_DEPE_CDTR": "5676", "#NR_SEQL_OBJ_NEG": "1", "#NR_UTZO_GER": "9232340", "#CD_LCZC_ACT_BC": "0", "#COD_MUNC": "80500", "#ARE_IMOV_LCZO_ITEM": "92.53", "#COD_BEM": "536204859", "#SEQ_CESS_IMOV": "", "#COD_NMRO_ICRA": "", "#CD_CEND": "100002336", "#CD_REG_CAR": "MA2110005AE32765E7FD64BE5B467C45ACCDABCF9", "#F_CLTE_PROP_PRINC": "212044413" }, "geometry": { "type": "Polygon", "coordinates": [ [ [ -46.05981, -4.186793 ], [ -46.05981, -4.186793 ], [ -46.06015, -4.179611 ], [ -46.06015, -4.179611 ], [ -46.065115, -4.178142 ], [ -46.065115, -4.178142 ], [ -46.067117, -4.181468 ], [ -46.067117, -4.181468 ], [ -46.06571, -4.18637 ], [ -46.06571, -4.18637 ], [ -46.063832, -4.187247 ], [ -46.063832, -4.187247 ], [ -46.05981, -4.186793 ], [ -46.05981, -4.186793 ] ] ] } },
{ "type": "Feature", "properties": { "WKT": "POLYGON ((-46.05981 -4.186793,-46.05981 -4.186793,-46.06015 -4.179611,-46.06015 -4.179611,-46.065115 -4.178142,-46.065115 -4.178142,-46.067117 -4.181468,-46.067117 -4.181468,-46.06571 -4.18637,-46.06571 -4.18637,-46.063832 -4.187247,-46.063832 -4.187247,-46.05981 -4.186793,-46.05981 -4.186793))", "polygon_id": "9232351", "#NR_UNCO_OPR": "20222974619221686", "#NRO_PROP": "567604368", "#CD_CLI": "212044413", "#NM_CLI": "JEFFERSON CATINGUEIRO DE MELO", "#NR_REF_RCR": "221560670", "#NRO_OPER": "4000205", "#SGL_SIST_RSPV_CNDU": "XER", "#CD_TIP_OBJ_NEG_CRD": "1", "#NR_OBJ_NEG_CRD": "567604368", "#SG_SIS_CDTR": "COP", "#CD_PRF_DEPE_CDTR": "5676", "#NR_SEQL_OBJ_NEG": "2", "#NR_UTZO_GER": "9232351", "#CD_LCZC_ACT_BC": "0", "#COD_MUNC": "80500", "#ARE_IMOV_LCZO_ITEM": "92.53", "#COD_BEM": "536204859", "#SEQ_CESS_IMOV": "", "#COD_NMRO_ICRA": "", "#CD_CEND": "100002336", "#CD_REG_CAR": "MA2110005AE32765E7FD64BE5B467C45ACCDABCF9", "#F_CLTE_PROP_PRINC": "212044413" }, "geometry": { "type": "Polygon", "coordinates": [ [ [ -46.05981, -4.186793 ], [ -46.05981, -4.186793 ], [ -46.06015, -4.179611 ], [ -46.06015, -4.179611 ], [ -46.065115, -4.178142 ], [ -46.065115, -4.178142 ], [ -46.067117, -4.181468 ], [ -46.067117, -4.181468 ], [ -46.06571, -4.18637 ], [ -46.06571, -4.18637 ], [ -46.063832, -4.187247 ], [ -46.063832, -4.187247 ], [ -46.05981, -4.186793 ], [ -46.05981, -4.186793 ] ] ] } },
{ "type": "Feature", "properties": { "WKT": "POLYGON ((-45.866633 -4.255632,-45.866633 -4.255632,-45.867909 -4.251252,-45.867909 -4.251252,-45.87256 -4.253721,-45.87256 -4.253721,-45.869729 -4.256919,-45.869729 -4.256919,-45.866633 -4.255632,-45.866633 -4.255632))", "polygon_id": "9432775", "#NR_UNCO_OPR": "20223465478221187", "#NRO_PROP": "567604711", "#CD_CLI": "506169140", "#NM_CLI": "GABRIEL DA SILVA", "#NR_REF_RCR": "221804457", "#NRO_OPER": "4000219", "#SGL_SIST_RSPV_CNDU": "XER", "#CD_TIP_OBJ_NEG_CRD": "1", "#NR_OBJ_NEG_CRD": "567604711", "#SG_SIS_CDTR": "COP", "#CD_PRF_DEPE_CDTR": "5676", "#NR_SEQL_OBJ_NEG": "1", "#NR_UTZO_GER": "9432775", "#CD_LCZC_ACT_BC": "0", "#COD_MUNC": "80500", "#ARE_IMOV_LCZO_ITEM": "37.37", "#COD_BEM": "538228958", "#SEQ_CESS_IMOV": "", "#COD_NMRO_ICRA": "9511295550969", "#CD_CEND": "100002334", "#CD_REG_CAR": "MA21100051874E842D1D3446E88144995C928FE1C", "#F_CLTE_PROP_PRINC": "506169140" }, "geometry": { "type": "Polygon", "coordinates": [ [ [ -45.866633, -4.255632 ], [ -45.866633, -4.255632 ], [ -45.867909, -4.251252 ], [ -45.867909, -4.251252 ], [ -45.87256, -4.253721 ], [ -45.87256, -4.253721 ], [ -45.869729, -4.256919 ], [ -45.869729, -4.256919 ], [ -45.866633, -4.255632 ], [ -45.866633, -4.255632 ] ] ] } },
{ "type": "Feature", "properties": { "WKT": "POLYGON ((-45.866633 -4.255632,-45.866633 -4.255632,-45.867909 -4.251252,-45.867909 -4.251252,-45.87256 -4.253721,-45.87256 -4.253721,-45.869729 -4.256919,-45.869729 -4.256919,-45.866633 -4.255632,-45.866633 -4.255632))", "polygon_id": "9432783", "#NR_UNCO_OPR": "20223465478221187", "#NRO_PROP": "567604711", "#CD_CLI": "506169140", "#NM_CLI": "GABRIEL DA SILVA", "#NR_REF_RCR": "221804457", "#NRO_OPER": "4000219", "#SGL_SIST_RSPV_CNDU": "XER", "#CD_TIP_OBJ_NEG_CRD": "1", "#NR_OBJ_NEG_CRD": "567604711", "#SG_SIS_CDTR": "COP", "#CD_PRF_DEPE_CDTR": "5676", "#NR_SEQL_OBJ_NEG": "2", "#NR_UTZO_GER": "9432783", "#CD_LCZC_ACT_BC": "0", "#COD_MUNC": "80500", "#ARE_IMOV_LCZO_ITEM": "37.37", "#COD_BEM": "538228958", "#SEQ_CESS_IMOV": "", "#COD_NMRO_ICRA": "9511295550969", "#CD_CEND": "100002334", "#CD_REG_CAR": "MA21100051874E842D1D3446E88144995C928FE1C", "#F_CLTE_PROP_PRINC": "506169140" }, "geometry": { "type": "Polygon", "coordinates": [ [ [ -45.866633, -4.255632 ], [ -45.866633, -4.255632 ], [ -45.867909, -4.251252 ], [ -45.867909, -4.251252 ], [ -45.87256, -4.253721 ], [ -45.87256, -4.253721 ], [ -45.869729, -4.256919 ], [ -45.869729, -4.256919 ], [ -45.866633, -4.255632 ], [ -45.866633, -4.255632 ] ] ] } },
{ "type": "Feature", "properties": { "WKT": "POLYGON ((-45.866633 -4.255632,-45.866633 -4.255632,-45.867909 -4.251252,-45.867909 -4.251252,-45.87256 -4.253721,-45.87256 -4.253721,-45.869729 -4.256919,-45.869729 -4.256919,-45.866633 -4.255632,-45.866633 -4.255632))", "polygon_id": "9433319", "#NR_UNCO_OPR": "20223465478221187", "#NRO_PROP": "567604711", "#CD_CLI": "506169140", "#NM_CLI": "GABRIEL DA SILVA", "#NR_REF_RCR": "221804457", "#NRO_OPER": "4000219", "#SGL_SIST_RSPV_CNDU": "XER", "#CD_TIP_OBJ_NEG_CRD": "1", "#NR_OBJ_NEG_CRD": "567604711", "#SG_SIS_CDTR": "COP", "#CD_PRF_DEPE_CDTR": "5676", "#NR_SEQL_OBJ_NEG": "5", "#NR_UTZO_GER": "9433319", "#CD_LCZC_ACT_BC": "0", "#COD_MUNC": "80500", "#ARE_IMOV_LCZO_ITEM": "37.37", "#COD_BEM": "538228958", "#SEQ_CESS_IMOV": "", "#COD_NMRO_ICRA": "9511295550969", "#CD_CEND": "100002334", "#CD_REG_CAR": "MA21100051874E842D1D3446E88144995C928FE1C", "#F_CLTE_PROP_PRINC": "506169140" }, "geometry": { "type": "Polygon", "coordinates": [ [ [ -45.866633, -4.255632 ], [ -45.866633, -4.255632 ], [ -45.867909, -4.251252 ], [ -45.867909, -4.251252 ], [ -45.87256, -4.253721 ], [ -45.87256, -4.253721 ], [ -45.869729, -4.256919 ], [ -45.869729, -4.256919 ], [ -45.866633, -4.255632 ], [ -45.866633, -4.255632 ] ] ] } },
{ "type": "Feature", "properties": { "WKT": "POLYGON ((-45.906873 -4.264626,-45.907791 -4.262489,-45.908223 -4.262419,-45.911837 -4.263246,-45.9114 -4.264669,-45.911839 -4.266001,-45.909634 -4.269008,-45.908145 -4.269798,-45.906763 -4.269679,-45.905457 -4.268221,-45.904941 -4.266675,-45.906873 -4.264626))", "polygon_id": "9450937", "#NR_UNCO_OPR": "20230025942121654", "#NRO_PROP": "567604726", "#CD_CLI": "106428792", "#NM_CLI": "FELIPE DE OLIVEIRA PEREIRA", "#NR_REF_RCR": "221848263", "#NRO_OPER": "4000223", "#SGL_SIST_RSPV_CNDU": "XER", "#CD_TIP_OBJ_NEG_CRD": "1", "#NR_OBJ_NEG_CRD": "567604726", "#SG_SIS_CDTR": "COP", "#CD_PRF_DEPE_CDTR": "5676", "#NR_SEQL_OBJ_NEG": "1", "#NR_UTZO_GER": "9450937", "#CD_LCZC_ACT_BC": "0", "#COD_MUNC": "80500", "#ARE_IMOV_LCZO_ITEM": "57.17", "#COD_BEM": "532341571", "#SEQ_CESS_IMOV": "", "#COD_NMRO_ICRA": "9999543172502", "#CD_CEND": "100002333", "#CD_REG_CAR": "MA2110005C7F69C9A9A59432CAD9CB1C5819E5105", "#F_CLTE_PROP_PRINC": "106428792" }, "geometry": { "type": "Polygon", "coordinates": [ [ [ -45.906873, -4.264626 ], [ -45.907791, -4.262489 ], [ -45.908223, -4.262419 ], [ -45.911837, -4.263246 ], [ -45.9114, -4.264669 ], [ -45.911839, -4.266001 ], [ -45.909634, -4.269008 ], [ -45.908145, -4.269798 ], [ -45.906763, -4.269679 ], [ -45.905457, -4.268221 ], [ -45.904941, -4.266675 ], [ -45.906873, -4.264626 ] ] ] } },
{ "type": "Feature", "properties": { "WKT": "POLYGON ((-45.953442 -4.016943,-45.952168 -4.019142,-45.950895 -4.021342,-45.948994 -4.020933,-45.947093 -4.020525,-45.944417 -4.020317,-45.941741 -4.020109,-45.942475 -4.019032,-45.943209 -4.017955,-45.943943 -4.016878,-45.944676 -4.0158,-45.953442 -4.016943))", "polygon_id": "9471080", "#NR_UNCO_OPR": "20223555466121249", "#NRO_PROP": "567604744", "#CD_CLI": "485123887", "#NM_CLI": "ADEVALDO LIMA DA SILVA", "#NR_REF_RCR": "221848266", "#NRO_OPER": "4000224", "#SGL_SIST_RSPV_CNDU": "XER", "#CD_TIP_OBJ_NEG_CRD": "1", "#NR_OBJ_NEG_CRD": "567604744", "#SG_SIS_CDTR": "COP", "#CD_PRF_DEPE_CDTR": "5676", "#NR_SEQL_OBJ_NEG": "1", "#NR_UTZO_GER": "9471080", "#CD_LCZC_ACT_BC": "0", "#COD_MUNC": "80500", "#ARE_IMOV_LCZO_ITEM": "52.74", "#COD_BEM": "538976293", "#SEQ_CESS_IMOV": "1", "#COD_NMRO_ICRA": "9511535006587", "#CD_CEND": "100002341", "#CD_REG_CAR": "MA211000530CA60190D7A4B6CB273EAC10551FDA2", "#F_CLTE_PROP_PRINC": "425104593" }, "geometry": { "type": "Polygon", "coordinates": [ [ [ -45.953442, -4.016943 ], [ -45.952168, -4.019142 ], [ -45.950895, -4.021342 ], [ -45.948994, -4.020933 ], [ -45.947093, -4.020525 ], [ -45.944417, -4.020317 ], [ -45.941741, -4.020109 ], [ -45.942475, -4.019032 ], [ -45.943209, -4.017955 ], [ -45.943943, -4.016878 ], [ -45.944676, -4.0158 ], [ -45.953442, -4.016943 ] ] ] } },
{ "type": "Feature", "properties": { "WKT": "POLYGON ((-45.953442 -4.016943,-45.952168 -4.019142,-45.950895 -4.021342,-45.948994 -4.020933,-45.947093 -4.020525,-45.944417 -4.020317,-45.941741 -4.020109,-45.942475 -4.019032,-45.943209 -4.017955,-45.943943 -4.016878,-45.944676 -4.0158,-45.953442 -4.016943))", "polygon_id": "9475453", "#NR_UNCO_OPR": "20230245968821261", "#NRO_PROP": "567604746", "#CD_CLI": "485123887", "#NM_CLI": "ADEVALDO LIMA DA SILVA", "#NR_REF_RCR": "230067536", "#NRO_OPER": "4000229", "#SGL_SIST_RSPV_CNDU": "XER", "#CD_TIP_OBJ_NEG_CRD": "1", "#NR_OBJ_NEG_CRD": "567604746", "#SG_SIS_CDTR": "COP", "#CD_PRF_DEPE_CDTR": "5676", "#NR_SEQL_OBJ_NEG": "2", "#NR_UTZO_GER": "9475453", "#CD_LCZC_ACT_BC": "0", "#COD_MUNC": "80500", "#ARE_IMOV_LCZO_ITEM": "52.74", "#COD_BEM": "538976293", "#SEQ_CESS_IMOV": "1", "#COD_NMRO_ICRA": "9511535006587", "#CD_CEND": "100002341", "#CD_REG_CAR": "MA211000530CA60190D7A4B6CB273EAC10551FDA2", "#F_CLTE_PROP_PRINC": "425104593" }, "geometry": { "type": "Polygon", "coordinates": [ [ [ -45.953442, -4.016943 ], [ -45.952168, -4.019142 ], [ -45.950895, -4.021342 ], [ -45.948994, -4.020933 ], [ -45.947093, -4.020525 ], [ -45.944417, -4.020317 ], [ -45.941741, -4.020109 ], [ -45.942475, -4.019032 ], [ -45.943209, -4.017955 ], [ -45.943943, -4.016878 ], [ -45.944676, -4.0158 ], [ -45.953442, -4.016943 ] ] ] } },
{ "type": "Feature", "properties": { "WKT": "POLYGON ((-45.953442 -4.016943,-45.953442 -4.016943,-45.952168 -4.019142,-45.952168 -4.019142,-45.950895 -4.021342,-45.950895 -4.021342,-45.948994 -4.020933,-45.948994 -4.020933,-45.947093 -4.020525,-45.947093 -4.020525,-45.944417 -4.020317,-45.944417 -4.020317,-45.941741 -4.020109,-45.941741 -4.020109,-45.942475 -4.019032,-45.942475 -4.019032,-45.943209 -4.017955,-45.943209 -4.017955,-45.943943 -4.016878,-45.943943 -4.016878,-45.944676 -4.0158,-45.944676 -4.0158,-45.953442 -4.016943,-45.953442 -4.016943))", "polygon_id": "9476208", "#NR_UNCO_OPR": "20230245968821261", "#NRO_PROP": "567604746", "#CD_CLI": "485123887", "#NM_CLI": "ADEVALDO LIMA DA SILVA", "#NR_REF_RCR": "230067536", "#NRO_OPER": "4000229", "#SGL_SIST_RSPV_CNDU": "XER", "#CD_TIP_OBJ_NEG_CRD": "1", "#NR_OBJ_NEG_CRD": "567604746", "#SG_SIS_CDTR": "COP", "#CD_PRF_DEPE_CDTR": "5676", "#NR_SEQL_OBJ_NEG": "1", "#NR_UTZO_GER": "9476208", "#CD_LCZC_ACT_BC": "0", "#COD_MUNC": "80500", "#ARE_IMOV_LCZO_ITEM": "52.74", "#COD_BEM": "538976293", "#SEQ_CESS_IMOV": "1", "#COD_NMRO_ICRA": "9511535006587", "#CD_CEND": "100002341", "#CD_REG_CAR": "MA211000530CA60190D7A4B6CB273EAC10551FDA2", "#F_CLTE_PROP_PRINC": "425104593" }, "geometry": { "type": "Polygon", "coordinates": [ [ [ -45.953442, -4.016943 ], [ -45.953442, -4.016943 ], [ -45.952168, -4.019142 ], [ -45.952168, -4.019142 ], [ -45.950895, -4.021342 ], [ -45.950895, -4.021342 ], [ -45.948994, -4.020933 ], [ -45.948994, -4.020933 ], [ -45.947093, -4.020525 ], [ -45.947093, -4.020525 ], [ -45.944417, -4.020317 ], [ -45.944417, -4.020317 ], [ -45.941741, -4.020109 ], [ -45.941741, -4.020109 ], [ -45.942475, -4.019032 ], [ -45.942475, -4.019032 ], [ -45.943209, -4.017955 ], [ -45.943209, -4.017955 ], [ -45.943943, -4.016878 ], [ -45.943943, -4.016878 ], [ -45.944676, -4.0158 ], [ -45.944676, -4.0158 ], [ -45.953442, -4.016943 ], [ -45.953442, -4.016943 ] ] ] } },
{ "type": "Feature", "properties": { "WKT": "POLYGON ((-46.798405 -6.50191,-46.79735 -6.506374,-46.792659 -6.504604,-46.793504 -6.500845,-46.798405 -6.50191))", "polygon_id": "9476649", "#NR_UNCO_OPR": "20223555850221697", "#NRO_PROP": "567604749", "#CD_CLI": "910207663", "#NM_CLI": "GUILHERMITO PEREIRA DE ABREU", "#NR_REF_RCR": "221848221", "#NRO_OPER": "567601290", "#SGL_SIST_RSPV_CNDU": "COP", "#CD_TIP_OBJ_NEG_CRD": "1", "#NR_OBJ_NEG_CRD": "567604749", "#SG_SIS_CDTR": "COP", "#CD_PRF_DEPE_CDTR": "5676", "#NR_SEQL_OBJ_NEG": "1", "#NR_UTZO_GER": "9476649", "#CD_LCZC_ACT_BC": "0", "#COD_MUNC": "84921", "#ARE_IMOV_LCZO_ITEM": "111.7", "#COD_BEM": "539333758", "#SEQ_CESS_IMOV": "1", "#COD_NMRO_ICRA": "9511026671458", "#CD_CEND": "100002488", "#CD_REG_CAR": "MA2111052BF51A8EB93854169B7E0EEC79802B180", "#F_CLTE_PROP_PRINC": "338060983" }, "geometry": { "type": "Polygon", "coordinates": [ [ [ -46.798405, -6.50191 ], [ -46.79735, -6.506374 ], [ -46.792659, -6.504604 ], [ -46.793504, -6.500845 ], [ -46.798405, -6.50191 ] ] ] } },
{ "type": "Feature", "properties": { "WKT": "POLYGON ((-45.816736 -4.338141,-45.814027 -4.337304,-45.811317 -4.336468,-45.812076 -4.334596,-45.812834 -4.332724,-45.8138 -4.33196,-45.814765 -4.331196,-45.815368 -4.331675,-45.81597 -4.332153,-45.816573 -4.332631,-45.817175 -4.333109,-45.816736 -4.338141))", "polygon_id": "9516184", "#NR_UNCO_OPR": "20230243695521049", "#NRO_PROP": "567604760", "#CD_CLI": "518583418", "#NM_CLI": "GEOVANE LOPES DOS SANTOS", "#NR_REF_RCR": "230055989", "#NRO_OPER": "4000228", "#SGL_SIST_RSPV_CNDU": "XER", "#CD_TIP_OBJ_NEG_CRD": "1", "#NR_OBJ_NEG_CRD": "567604760", "#SG_SIS_CDTR": "COP", "#CD_PRF_DEPE_CDTR": "5676", "#NR_SEQL_OBJ_NEG": "1", "#NR_UTZO_GER": "9516184", "#CD_LCZC_ACT_BC": "0", "#COD_MUNC": "80500", "#ARE_IMOV_LCZO_ITEM": "71.25", "#COD_BEM": "532553195", "#SEQ_CESS_IMOV": "", "#COD_NMRO_ICRA": "9501900780500", "#CD_CEND": "100002330", "#CD_REG_CAR": "MA211000525F677FA0BE0406AA13997F720CCD0D2", "#F_CLTE_PROP_PRINC": "518583418" }, "geometry": { "type": "Polygon", "coordinates": [ [ [ -45.816736, -4.338141 ], [ -45.814027, -4.337304 ], [ -45.811317, -4.336468 ], [ -45.812076, -4.334596 ], [ -45.812834, -4.332724 ], [ -45.8138, -4.33196 ], [ -45.814765, -4.331196 ], [ -45.815368, -4.331675 ], [ -45.81597, -4.332153 ], [ -45.816573, -4.332631 ], [ -45.817175, -4.333109 ], [ -45.816736, -4.338141 ] ] ] } },
{ "type": "Feature", "properties": { "WKT": "POLYGON ((-46.82999 -4.237326,-46.82999 -4.237326,-46.829103 -4.240622,-46.829103 -4.240622,-46.828216 -4.243918,-46.828216 -4.243918,-46.826395 -4.243339,-46.826395 -4.243339,-46.824575 -4.24276,-46.824575 -4.24276,-46.822955 -4.242133,-46.822955 -4.242133,-46.821335 -4.241506,-46.821335 -4.241506,-46.823153 -4.239275,-46.823153 -4.239275,-46.82497 -4.237044,-46.82497 -4.237044,-46.826787 -4.234814,-46.826787 -4.234814,-46.828604 -4.232583,-46.828604 -4.232583,-46.82999 -4.237326,-46.82999 -4.237326))", "polygon_id": "9523005", "#NR_UNCO_OPR": "20230683353121595", "#NRO_PROP": "567604766", "#CD_CLI": "474537614", "#NM_CLI": "MANOEL DELAMAR DOS REIS SOBRAL", "#NR_REF_RCR": "230188353", "#NRO_OPER": "4000239", "#SGL_SIST_RSPV_CNDU": "XER", "#CD_TIP_OBJ_NEG_CRD": "1", "#NR_OBJ_NEG_CRD": "567604766", "#SG_SIS_CDTR": "COP", "#CD_PRF_DEPE_CDTR": "5676", "#NR_SEQL_OBJ_NEG": "2", "#NR_UTZO_GER": "9523005", "#CD_LCZC_ACT_BC": "0", "#COD_MUNC": "15225", "#ARE_IMOV_LCZO_ITEM": "90", "#COD_BEM": "536107294", "#SEQ_CESS_IMOV": "", "#COD_NMRO_ICRA": "", "#CD_CEND": "100000641", "#CD_REG_CAR": "MA21020023126DC77ADB9499187067118D11B0AB9", "#F_CLTE_PROP_PRINC": "474537614" }, "geometry": { "type": "Polygon", "coordinates": [ [ [ -46.82999, -4.237326 ], [ -46.82999, -4.237326 ], [ -46.829103, -4.240622 ], [ -46.829103, -4.240622 ], [ -46.828216, -4.243918 ], [ -46.828216, -4.243918 ], [ -46.826395, -4.243339 ], [ -46.826395, -4.243339 ], [ -46.824575, -4.24276 ], [ -46.824575, -4.24276 ], [ -46.822955, -4.242133 ], [ -46.822955, -4.242133 ], [ -46.821335, -4.241506 ], [ -46.821335, -4.241506 ], [ -46.823153, -4.239275 ], [ -46.823153, -4.239275 ], [ -46.82497, -4.237044 ], [ -46.82497, -4.237044 ], [ -46.826787, -4.234814 ], [ -46.826787, -4.234814 ], [ -46.828604, -4.232583 ], [ -46.828604, -4.232583 ], [ -46.82999, -4.237326 ], [ -46.82999, -4.237326 ] ] ] } },
{ "type": "Feature", "properties": { "WKT": "POLYGON ((-46.82999 -4.237326,-46.82999 -4.237326,-46.829103 -4.240622,-46.829103 -4.240622,-46.828216 -4.243918,-46.828216 -4.243918,-46.826395 -4.243339,-46.826395 -4.243339,-46.824575 -4.24276,-46.824575 -4.24276,-46.822955 -4.242133,-46.822955 -4.242133,-46.821335 -4.241506,-46.821335 -4.241506,-46.823153 -4.239275,-46.823153 -4.239275,-46.82497 -4.237044,-46.82497 -4.237044,-46.826787 -4.234814,-46.826787 -4.234814,-46.828604 -4.232583,-46.828604 -4.232583,-46.82999 -4.237326,-46.82999 -4.237326))", "polygon_id": "9523714", "#NR_UNCO_OPR": "20230683353121595", "#NRO_PROP": "567604766", "#CD_CLI": "474537614", "#NM_CLI": "MANOEL DELAMAR DOS REIS SOBRAL", "#NR_REF_RCR": "230188353", "#NRO_OPER": "4000239", "#SGL_SIST_RSPV_CNDU": "XER", "#CD_TIP_OBJ_NEG_CRD": "1", "#NR_OBJ_NEG_CRD": "567604766", "#SG_SIS_CDTR": "COP", "#CD_PRF_DEPE_CDTR": "5676", "#NR_SEQL_OBJ_NEG": "1", "#NR_UTZO_GER": "9523714", "#CD_LCZC_ACT_BC": "0", "#COD_MUNC": "15225", "#ARE_IMOV_LCZO_ITEM": "90", "#COD_BEM": "536107294", "#SEQ_CESS_IMOV": "", "#COD_NMRO_ICRA": "", "#CD_CEND": "100000641", "#CD_REG_CAR": "MA21020023126DC77ADB9499187067118D11B0AB9", "#F_CLTE_PROP_PRINC": "474537614" }, "geometry": { "type": "Polygon", "coordinates": [ [ [ -46.82999, -4.237326 ], [ -46.82999, -4.237326 ], [ -46.829103, -4.240622 ], [ -46.829103, -4.240622 ], [ -46.828216, -4.243918 ], [ -46.828216, -4.243918 ], [ -46.826395, -4.243339 ], [ -46.826395, -4.243339 ], [ -46.824575, -4.24276 ], [ -46.824575, -4.24276 ], [ -46.822955, -4.242133 ], [ -46.822955, -4.242133 ], [ -46.821335, -4.241506 ], [ -46.821335, -4.241506 ], [ -46.823153, -4.239275 ], [ -46.823153, -4.239275 ], [ -46.82497, -4.237044 ], [ -46.82497, -4.237044 ], [ -46.826787, -4.234814 ], [ -46.826787, -4.234814 ], [ -46.828604, -4.232583 ], [ -46.828604, -4.232583 ], [ -46.82999, -4.237326 ], [ -46.82999, -4.237326 ] ] ] } },
{ "type": "Feature", "properties": { "WKT": "POLYGON ((-47.102571 -6.391567,-47.096091 -6.392843,-47.094577 -6.384057,-47.103754 -6.385552,-47.102571 -6.391567))", "polygon_id": "9574390", "#NR_UNCO_OPR": "20223435502421570", "#NRO_PROP": "567604777", "#CD_CLI": "910207642", "#NM_CLI": "JOAO NEVES RODRIGUES", "#NR_REF_RCR": "221804847", "#NRO_OPER": "567601281", "#SGL_SIST_RSPV_CNDU": "COP", "#CD_TIP_OBJ_NEG_CRD": "1", "#NR_OBJ_NEG_CRD": "567604777", "#SG_SIS_CDTR": "COP", "#CD_PRF_DEPE_CDTR": "5676", "#NR_SEQL_OBJ_NEG": "1", "#NR_UTZO_GER": "9574390", "#CD_LCZC_ACT_BC": "0", "#COD_MUNC": "84921", "#ARE_IMOV_LCZO_ITEM": "180.61", "#COD_BEM": "537298415", "#SEQ_CESS_IMOV": "", "#COD_NMRO_ICRA": "1100510078975", "#CD_CEND": "100002170", "#CD_REG_CAR": "MA21110524CC1209756F14CD68DE1C1252652DEB4", "#F_CLTE_PROP_PRINC": "910207642" }, "geometry": { "type": "Polygon", "coordinates": [ [ [ -47.102571, -6.391567 ], [ -47.096091, -6.392843 ], [ -47.094577, -6.384057 ], [ -47.103754, -6.385552 ], [ -47.102571, -6.391567 ] ] ] } },
{ "type": "Feature", "properties": { "WKT": "POLYGON ((-46.799457 -6.49342,-46.799457 -6.49342,-46.798555 -6.499108,-46.798555 -6.499108,-46.797653 -6.504796,-46.797653 -6.504796,-46.795302 -6.504053,-46.795302 -6.504053,-46.794127 -6.503681,-46.794127 -6.503681,-46.792951 -6.503309,-46.792951 -6.503309,-46.793646 -6.500608,-46.793646 -6.500608,-46.794342 -6.497906,-46.794342 -6.497906,-46.795037 -6.495204,-46.795037 -6.495204,-46.795732 -6.492502,-46.795732 -6.492502,-46.797595 -6.492961,-46.797595 -6.492961,-46.799457 -6.49342,-46.799457 -6.49342))", "polygon_id": "9592546", "#NR_UNCO_OPR": "20230265555121547", "#NRO_PROP": "567604778", "#CD_CLI": "910207663", "#NM_CLI": "GUILHERMITO PEREIRA DE ABREU", "#NR_REF_RCR": "230072661", "#NRO_OPER": "4000230", "#SGL_SIST_RSPV_CNDU": "XER", "#CD_TIP_OBJ_NEG_CRD": "1", "#NR_OBJ_NEG_CRD": "567604778", "#SG_SIS_CDTR": "COP", "#CD_PRF_DEPE_CDTR": "5676", "#NR_SEQL_OBJ_NEG": "4", "#NR_UTZO_GER": "9592546", "#CD_LCZC_ACT_BC": "0", "#COD_MUNC": "84921", "#ARE_IMOV_LCZO_ITEM": "111.7", "#COD_BEM": "539333758", "#SEQ_CESS_IMOV": "1", "#COD_NMRO_ICRA": "9511026671458", "#CD_CEND": "100002488", "#CD_REG_CAR": "MA2111052BF51A8EB93854169B7E0EEC79802B180", "#F_CLTE_PROP_PRINC": "338060983" }, "geometry": { "type": "Polygon", "coordinates": [ [ [ -46.799457, -6.49342 ], [ -46.799457, -6.49342 ], [ -46.798555, -6.499108 ], [ -46.798555, -6.499108 ], [ -46.797653, -6.504796 ], [ -46.797653, -6.504796 ], [ -46.795302, -6.504053 ], [ -46.795302, -6.504053 ], [ -46.794127, -6.503681 ], [ -46.794127, -6.503681 ], [ -46.792951, -6.503309 ], [ -46.792951, -6.503309 ], [ -46.793646, -6.500608 ], [ -46.793646, -6.500608 ], [ -46.794342, -6.497906 ], [ -46.794342, -6.497906 ], [ -46.795037, -6.495204 ], [ -46.795037, -6.495204 ], [ -46.795732, -6.492502 ], [ -46.795732, -6.492502 ], [ -46.797595, -6.492961 ], [ -46.797595, -6.492961 ], [ -46.799457, -6.49342 ], [ -46.799457, -6.49342 ] ] ] } },
{ "type": "Feature", "properties": { "WKT": "POLYGON ((-46.799457 -6.49342,-46.799457 -6.49342,-46.798555 -6.499108,-46.798555 -6.499108,-46.797653 -6.504796,-46.797653 -6.504796,-46.795302 -6.504053,-46.795302 -6.504053,-46.794127 -6.503681,-46.794127 -6.503681,-46.792951 -6.503309,-46.792951 -6.503309,-46.793646 -6.500608,-46.793646 -6.500608,-46.794342 -6.497906,-46.794342 -6.497906,-46.795037 -6.495204,-46.795037 -6.495204,-46.795732 -6.492502,-46.795732 -6.492502,-46.797595 -6.492961,-46.797595 -6.492961,-46.799457 -6.49342,-46.799457 -6.49342))", "polygon_id": "9593141", "#NR_UNCO_OPR": "20230265555121547", "#NRO_PROP": "567604778", "#CD_CLI": "910207663", "#NM_CLI": "GUILHERMITO PEREIRA DE ABREU", "#NR_REF_RCR": "230072661", "#NRO_OPER": "4000230", "#SGL_SIST_RSPV_CNDU": "XER", "#CD_TIP_OBJ_NEG_CRD": "1", "#NR_OBJ_NEG_CRD": "567604778", "#SG_SIS_CDTR": "COP", "#CD_PRF_DEPE_CDTR": "5676", "#NR_SEQL_OBJ_NEG": "5", "#NR_UTZO_GER": "9593141", "#CD_LCZC_ACT_BC": "0", "#COD_MUNC": "84921", "#ARE_IMOV_LCZO_ITEM": "111.7", "#COD_BEM": "539333758", "#SEQ_CESS_IMOV": "1", "#COD_NMRO_ICRA": "9511026671458", "#CD_CEND": "100002488", "#CD_REG_CAR": "MA2111052BF51A8EB93854169B7E0EEC79802B180", "#F_CLTE_PROP_PRINC": "338060983" }, "geometry": { "type": "Polygon", "coordinates": [ [ [ -46.799457, -6.49342 ], [ -46.799457, -6.49342 ], [ -46.798555, -6.499108 ], [ -46.798555, -6.499108 ], [ -46.797653, -6.504796 ], [ -46.797653, -6.504796 ], [ -46.795302, -6.504053 ], [ -46.795302, -6.504053 ], [ -46.794127, -6.503681 ], [ -46.794127, -6.503681 ], [ -46.792951, -6.503309 ], [ -46.792951, -6.503309 ], [ -46.793646, -6.500608 ], [ -46.793646, -6.500608 ], [ -46.794342, -6.497906 ], [ -46.794342, -6.497906 ], [ -46.795037, -6.495204 ], [ -46.795037, -6.495204 ], [ -46.795732, -6.492502 ], [ -46.795732, -6.492502 ], [ -46.797595, -6.492961 ], [ -46.797595, -6.492961 ], [ -46.799457, -6.49342 ], [ -46.799457, -6.49342 ] ] ] } },
{ "type": "Feature", "properties": { "WKT": "POLYGON ((-46.799457 -6.49342,-46.799457 -6.49342,-46.798555 -6.499108,-46.798555 -6.499108,-46.797653 -6.504796,-46.797653 -6.504796,-46.795302 -6.504053,-46.795302 -6.504053,-46.794127 -6.503681,-46.794127 -6.503681,-46.792951 -6.503309,-46.792951 -6.503309,-46.793646 -6.500608,-46.793646 -6.500608,-46.794342 -6.497906,-46.794342 -6.497906,-46.795037 -6.495204,-46.795037 -6.495204,-46.795732 -6.492502,-46.795732 -6.492502,-46.797595 -6.492961,-46.797595 -6.492961,-46.799457 -6.49342,-46.799457 -6.49342))", "polygon_id": "9593144", "#NR_UNCO_OPR": "20230265555121547", "#NRO_PROP": "567604778", "#CD_CLI": "910207663", "#NM_CLI": "GUILHERMITO PEREIRA DE ABREU", "#NR_REF_RCR": "230072661", "#NRO_OPER": "4000230", "#SGL_SIST_RSPV_CNDU": "XER", "#CD_TIP_OBJ_NEG_CRD": "1", "#NR_OBJ_NEG_CRD": "567604778", "#SG_SIS_CDTR": "COP", "#CD_PRF_DEPE_CDTR": "5676", "#NR_SEQL_OBJ_NEG": "3", "#NR_UTZO_GER": "9593144", "#CD_LCZC_ACT_BC": "0", "#COD_MUNC": "84921", "#ARE_IMOV_LCZO_ITEM": "111.7", "#COD_BEM": "539333758", "#SEQ_CESS_IMOV": "1", "#COD_NMRO_ICRA": "9511026671458", "#CD_CEND": "100002488", "#CD_REG_CAR": "MA2111052BF51A8EB93854169B7E0EEC79802B180", "#F_CLTE_PROP_PRINC": "338060983" }, "geometry": { "type": "Polygon", "coordinates": [ [ [ -46.799457, -6.49342 ], [ -46.799457, -6.49342 ], [ -46.798555, -6.499108 ], [ -46.798555, -6.499108 ], [ -46.797653, -6.504796 ], [ -46.797653, -6.504796 ], [ -46.795302, -6.504053 ], [ -46.795302, -6.504053 ], [ -46.794127, -6.503681 ], [ -46.794127, -6.503681 ], [ -46.792951, -6.503309 ], [ -46.792951, -6.503309 ], [ -46.793646, -6.500608 ], [ -46.793646, -6.500608 ], [ -46.794342, -6.497906 ], [ -46.794342, -6.497906 ], [ -46.795037, -6.495204 ], [ -46.795037, -6.495204 ], [ -46.795732, -6.492502 ], [ -46.795732, -6.492502 ], [ -46.797595, -6.492961 ], [ -46.797595, -6.492961 ], [ -46.799457, -6.49342 ], [ -46.799457, -6.49342 ] ] ] } },
{ "type": "Feature", "properties": { "WKT": "POLYGON ((-46.763586 -6.268027,-46.765555 -6.270675,-46.767524 -6.273322,-46.761326 -6.272571,-46.758227 -6.272195,-46.755128 -6.27182,-46.754929 -6.270703,-46.754731 -6.269586,-46.754532 -6.268469,-46.754333 -6.267352,-46.758959 -6.26769,-46.763586 -6.268027))", "polygon_id": "9598211", "#NR_UNCO_OPR": "20230185546221869", "#NRO_PROP": "567604781", "#CD_CLI": "111639404", "#NM_CLI": "RAIMUNDA VIANA DE SOUSA", "#NR_REF_RCR": "221913247", "#NRO_OPER": "567601291", "#SGL_SIST_RSPV_CNDU": "COP", "#CD_TIP_OBJ_NEG_CRD": "1", "#NR_OBJ_NEG_CRD": "567604781", "#SG_SIS_CDTR": "COP", "#CD_PRF_DEPE_CDTR": "5676", "#NR_SEQL_OBJ_NEG": "1", "#NR_UTZO_GER": "9598211", "#CD_LCZC_ACT_BC": "0", "#COD_MUNC": "84921", "#ARE_IMOV_LCZO_ITEM": "62.57", "#COD_BEM": "539343815", "#SEQ_CESS_IMOV": "", "#COD_NMRO_ICRA": "9500682440908", "#CD_CEND": "100001695", "#CD_REG_CAR": "MA2111052BE87C967807344DBB0AC8933ED752C36", "#F_CLTE_PROP_PRINC": "111639404" }, "geometry": { "type": "Polygon", "coordinates": [ [ [ -46.763586, -6.268027 ], [ -46.765555, -6.270675 ], [ -46.767524, -6.273322 ], [ -46.761326, -6.272571 ], [ -46.758227, -6.272195 ], [ -46.755128, -6.27182 ], [ -46.754929, -6.270703 ], [ -46.754731, -6.269586 ], [ -46.754532, -6.268469 ], [ -46.754333, -6.267352 ], [ -46.758959, -6.26769 ], [ -46.763586, -6.268027 ] ] ] } },
{ "type": "Feature", "properties": { "WKT": "POLYGON ((-45.966169 -4.383461,-45.967852 -4.382885,-45.969535 -4.382309,-45.970535 -4.385656,-45.971035 -4.387329,-45.971535 -4.389002,-45.971042 -4.389335,-45.970549 -4.389668,-45.970057 -4.390001,-45.969564 -4.390334,-45.967866 -4.386897,-45.966169 -4.383461))", "polygon_id": "9632172", "#NR_UNCO_OPR": "20230473339821499", "#NRO_PROP": "567604796", "#CD_CLI": "113432684", "#NM_CLI": "EDMILSON PINHEIRO DE SOUSA", "#NR_REF_RCR": "230134838", "#NRO_OPER": "4000235", "#SGL_SIST_RSPV_CNDU": "XER", "#CD_TIP_OBJ_NEG_CRD": "1", "#NR_OBJ_NEG_CRD": "567604796", "#SG_SIS_CDTR": "COP", "#CD_PRF_DEPE_CDTR": "5676", "#NR_SEQL_OBJ_NEG": "1", "#NR_UTZO_GER": "9632172", "#CD_LCZC_ACT_BC": "0", "#COD_MUNC": "80500", "#ARE_IMOV_LCZO_ITEM": "115.8", "#COD_BEM": "539299560", "#SEQ_CESS_IMOV": "", "#COD_NMRO_ICRA": "9501575779877", "#CD_CEND": "100002329", "#CD_REG_CAR": "MA2110005BA76827B052644839170D8ED3D289285", "#F_CLTE_PROP_PRINC": "113432684" }, "geometry": { "type": "Polygon", "coordinates": [ [ [ -45.966169, -4.383461 ], [ -45.967852, -4.382885 ], [ -45.969535, -4.382309 ], [ -45.970535, -4.385656 ], [ -45.971035, -4.387329 ], [ -45.971535, -4.389002 ], [ -45.971042, -4.389335 ], [ -45.970549, -4.389668 ], [ -45.970057, -4.390001 ], [ -45.969564, -4.390334 ], [ -45.967866, -4.386897 ], [ -45.966169, -4.383461 ] ] ] } },
{ "type": "Feature", "properties": { "WKT": "POLYGON ((-45.929093 -3.989664,-45.929093 -3.989664,-45.92844 -3.991905,-45.92844 -3.991905,-45.927787 -3.994146,-45.927787 -3.994146,-45.923624 -3.993124,-45.923624 -3.993124,-45.921543 -3.992612,-45.921543 -3.992612,-45.919462 -3.992101,-45.919462 -3.992101,-45.919899 -3.990912,-45.919899 -3.990912,-45.920336 -3.989723,-45.920336 -3.989723,-45.920773 -3.988534,-45.920773 -3.988534,-45.921211 -3.987345,-45.921211 -3.987345,-45.925152 -3.988505,-45.925152 -3.988505,-45.929093 -3.989664,-45.929093 -3.989664))", "polygon_id": "9878598", "#NR_UNCO_OPR": "20230483448321413", "#NRO_PROP": "567604855", "#CD_CLI": "451689911", "#NM_CLI": "FRANCISCA FERREIRA BATISTA", "#NR_REF_RCR": "230171419", "#NRO_OPER": "4000236", "#SGL_SIST_RSPV_CNDU": "XER", "#CD_TIP_OBJ_NEG_CRD": "1", "#NR_OBJ_NEG_CRD": "567604855", "#SG_SIS_CDTR": "COP", "#CD_PRF_DEPE_CDTR": "5676", "#NR_SEQL_OBJ_NEG": "5", "#NR_UTZO_GER": "9878598", "#CD_LCZC_ACT_BC": "0", "#COD_MUNC": "80500", "#ARE_IMOV_LCZO_ITEM": "73.08", "#COD_BEM": "532545367", "#SEQ_CESS_IMOV": "", "#COD_NMRO_ICRA": "9999972230340", "#CD_CEND": "100000116", "#CD_REG_CAR": "MA21100052F4E5008EF0A40BEB06F2303435D17B3", "#F_CLTE_PROP_PRINC": "451689911" }, "geometry": { "type": "Polygon", "coordinates": [ [ [ -45.929093, -3.989664 ], [ -45.929093, -3.989664 ], [ -45.92844, -3.991905 ], [ -45.92844, -3.991905 ], [ -45.927787, -3.994146 ], [ -45.927787, -3.994146 ], [ -45.923624, -3.993124 ], [ -45.923624, -3.993124 ], [ -45.921543, -3.992612 ], [ -45.921543, -3.992612 ], [ -45.919462, -3.992101 ], [ -45.919462, -3.992101 ], [ -45.919899, -3.990912 ], [ -45.919899, -3.990912 ], [ -45.920336, -3.989723 ], [ -45.920336, -3.989723 ], [ -45.920773, -3.988534 ], [ -45.920773, -3.988534 ], [ -45.921211, -3.987345 ], [ -45.921211, -3.987345 ], [ -45.925152, -3.988505 ], [ -45.925152, -3.988505 ], [ -45.929093, -3.989664 ], [ -45.929093, -3.989664 ] ] ] } },
{ "type": "Feature", "properties": { "WKT": "POLYGON ((-45.929093 -3.989664,-45.929093 -3.989664,-45.92844 -3.991905,-45.92844 -3.991905,-45.927787 -3.994146,-45.927787 -3.994146,-45.923624 -3.993124,-45.923624 -3.993124,-45.921543 -3.992612,-45.921543 -3.992612,-45.919462 -3.992101,-45.919462 -3.992101,-45.919899 -3.990912,-45.919899 -3.990912,-45.920336 -3.989723,-45.920336 -3.989723,-45.920773 -3.988534,-45.920773 -3.988534,-45.921211 -3.987345,-45.921211 -3.987345,-45.925152 -3.988505,-45.925152 -3.988505,-45.929093 -3.989664,-45.929093 -3.989664))", "polygon_id": "9880283", "#NR_UNCO_OPR": "20230483448321413", "#NRO_PROP": "567604855", "#CD_CLI": "451689911", "#NM_CLI": "FRANCISCA FERREIRA BATISTA", "#NR_REF_RCR": "230171419", "#NRO_OPER": "4000236", "#SGL_SIST_RSPV_CNDU": "XER", "#CD_TIP_OBJ_NEG_CRD": "1", "#NR_OBJ_NEG_CRD": "567604855", "#SG_SIS_CDTR": "COP", "#CD_PRF_DEPE_CDTR": "5676", "#NR_SEQL_OBJ_NEG": "1", "#NR_UTZO_GER": "9880283", "#CD_LCZC_ACT_BC": "0", "#COD_MUNC": "80500", "#ARE_IMOV_LCZO_ITEM": "73.08", "#COD_BEM": "532545367", "#SEQ_CESS_IMOV": "", "#COD_NMRO_ICRA": "9999972230340", "#CD_CEND": "100000116", "#CD_REG_CAR": "MA21100052F4E5008EF0A40BEB06F2303435D17B3", "#F_CLTE_PROP_PRINC": "451689911" }, "geometry": { "type": "Polygon", "coordinates": [ [ [ -45.929093, -3.989664 ], [ -45.929093, -3.989664 ], [ -45.92844, -3.991905 ], [ -45.92844, -3.991905 ], [ -45.927787, -3.994146 ], [ -45.927787, -3.994146 ], [ -45.923624, -3.993124 ], [ -45.923624, -3.993124 ], [ -45.921543, -3.992612 ], [ -45.921543, -3.992612 ], [ -45.919462, -3.992101 ], [ -45.919462, -3.992101 ], [ -45.919899, -3.990912 ], [ -45.919899, -3.990912 ], [ -45.920336, -3.989723 ], [ -45.920336, -3.989723 ], [ -45.920773, -3.988534 ], [ -45.920773, -3.988534 ], [ -45.921211, -3.987345 ], [ -45.921211, -3.987345 ], [ -45.925152, -3.988505 ], [ -45.925152, -3.988505 ], [ -45.929093, -3.989664 ], [ -45.929093, -3.989664 ] ] ] } },
{ "type": "Feature", "properties": { "WKT": "POLYGON ((-45.929093 -3.989664,-45.929093 -3.989664,-45.92844 -3.991905,-45.92844 -3.991905,-45.927787 -3.994146,-45.927787 -3.994146,-45.923624 -3.993124,-45.923624 -3.993124,-45.921543 -3.992612,-45.921543 -3.992612,-45.919462 -3.992101,-45.919462 -3.992101,-45.919899 -3.990912,-45.919899 -3.990912,-45.920336 -3.989723,-45.920336 -3.989723,-45.920773 -3.988534,-45.920773 -3.988534,-45.921211 -3.987345,-45.921211 -3.987345,-45.925152 -3.988505,-45.925152 -3.988505,-45.929093 -3.989664,-45.929093 -3.989664))", "polygon_id": "9880290", "#NR_UNCO_OPR": "20230483448321413", "#NRO_PROP": "567604855", "#CD_CLI": "451689911", "#NM_CLI": "FRANCISCA FERREIRA BATISTA", "#NR_REF_RCR": "230171419", "#NRO_OPER": "4000236", "#SGL_SIST_RSPV_CNDU": "XER", "#CD_TIP_OBJ_NEG_CRD": "1", "#NR_OBJ_NEG_CRD": "567604855", "#SG_SIS_CDTR": "COP", "#CD_PRF_DEPE_CDTR": "5676", "#NR_SEQL_OBJ_NEG": "2", "#NR_UTZO_GER": "9880290", "#CD_LCZC_ACT_BC": "0", "#COD_MUNC": "80500", "#ARE_IMOV_LCZO_ITEM": "73.08", "#COD_BEM": "532545367", "#SEQ_CESS_IMOV": "", "#COD_NMRO_ICRA": "9999972230340", "#CD_CEND": "100000116", "#CD_REG_CAR": "MA21100052F4E5008EF0A40BEB06F2303435D17B3", "#F_CLTE_PROP_PRINC": "451689911" }, "geometry": { "type": "Polygon", "coordinates": [ [ [ -45.929093, -3.989664 ], [ -45.929093, -3.989664 ], [ -45.92844, -3.991905 ], [ -45.92844, -3.991905 ], [ -45.927787, -3.994146 ], [ -45.927787, -3.994146 ], [ -45.923624, -3.993124 ], [ -45.923624, -3.993124 ], [ -45.921543, -3.992612 ], [ -45.921543, -3.992612 ], [ -45.919462, -3.992101 ], [ -45.919462, -3.992101 ], [ -45.919899, -3.990912 ], [ -45.919899, -3.990912 ], [ -45.920336, -3.989723 ], [ -45.920336, -3.989723 ], [ -45.920773, -3.988534 ], [ -45.920773, -3.988534 ], [ -45.921211, -3.987345 ], [ -45.921211, -3.987345 ], [ -45.925152, -3.988505 ], [ -45.925152, -3.988505 ], [ -45.929093, -3.989664 ], [ -45.929093, -3.989664 ] ] ] } },
{ "type": "Feature", "properties": { "WKT": "POLYGON ((-46.543226 -4.365413,-46.545456 -4.369324,-46.544087 -4.371562,-46.543429 -4.37425,-46.539523 -4.37001,-46.535617 -4.365769,-46.538602 -4.363487,-46.540095 -4.362345,-46.541588 -4.361204,-46.541997 -4.362256,-46.542407 -4.363308,-46.543226 -4.365413))", "polygon_id": "9929737", "#NR_UNCO_OPR": "20231164839721259", "#NRO_PROP": "567604873", "#CD_CLI": "111519943", "#NM_CLI": "MANOEL VIEIRA DOS SANTOS", "#NR_REF_RCR": "230369443", "#NRO_OPER": "4000249", "#SGL_SIST_RSPV_CNDU": "XER", "#CD_TIP_OBJ_NEG_CRD": "1", "#NR_OBJ_NEG_CRD": "567604873", "#SG_SIS_CDTR": "COP", "#CD_PRF_DEPE_CDTR": "5676", "#NR_SEQL_OBJ_NEG": "1", "#NR_UTZO_GER": "9929737", "#CD_LCZC_ACT_BC": "0", "#COD_MUNC": "15505", "#ARE_IMOV_LCZO_ITEM": "120.4", "#COD_BEM": "539085417", "#SEQ_CESS_IMOV": "", "#COD_NMRO_ICRA": "", "#CD_CEND": "100000638", "#CD_REG_CAR": "MA21020363E22F0334F6C44BE9789A9104C3A9F43", "#F_CLTE_PROP_PRINC": "111519943" }, "geometry": { "type": "Polygon", "coordinates": [ [ [ -46.543226, -4.365413 ], [ -46.545456, -4.369324 ], [ -46.544087, -4.371562 ], [ -46.543429, -4.37425 ], [ -46.539523, -4.37001 ], [ -46.535617, -4.365769 ], [ -46.538602, -4.363487 ], [ -46.540095, -4.362345 ], [ -46.541588, -4.361204 ], [ -46.541997, -4.362256 ], [ -46.542407, -4.363308 ], [ -46.543226, -4.365413 ] ] ] } },
{ "type": "Feature", "properties": { "WKT": "POLYGON ((-46.99521 -6.422598,-46.99521 -6.422598,-46.993419 -6.423222,-46.993419 -6.423222,-46.991627 -6.423846,-46.991627 -6.423846,-46.988894 -6.42091,-46.988894 -6.42091,-46.987527 -6.419442,-46.987527 -6.419442,-46.98616 -6.417974,-46.98616 -6.417974,-46.986349 -6.417201,-46.986349 -6.417201,-46.986537 -6.416427,-46.986537 -6.416427,-46.986726 -6.415654,-46.986726 -6.415654,-46.986914 -6.414881,-46.986914 -6.414881,-46.991062 -6.418739,-46.991062 -6.418739,-46.99521 -6.422598,-46.99521 -6.422598))", "polygon_id": "9935094", "#NR_UNCO_OPR": "20230725181821103", "#NRO_PROP": "567604874", "#CD_CLI": "908781147", "#NM_CLI": "ENILBERTO AGUIAR DA SILVA", "#NR_REF_RCR": "230235352", "#NRO_OPER": "4000241", "#SGL_SIST_RSPV_CNDU": "XER", "#CD_TIP_OBJ_NEG_CRD": "1", "#NR_OBJ_NEG_CRD": "567604874", "#SG_SIS_CDTR": "COP", "#CD_PRF_DEPE_CDTR": "5676", "#NR_SEQL_OBJ_NEG": "5", "#NR_UTZO_GER": "9935094", "#CD_LCZC_ACT_BC": "0", "#COD_MUNC": "84921", "#ARE_IMOV_LCZO_ITEM": "65.28", "#COD_BEM": "18112403", "#SEQ_CESS_IMOV": "", "#COD_NMRO_ICRA": "9500410436480", "#CD_CEND": "100002489", "#CD_REG_CAR": "MA2111052561751288C044B8D8B4C781361FD1C06", "#F_CLTE_PROP_PRINC": "908781147" }, "geometry": { "type": "Polygon", "coordinates": [ [ [ -46.99521, -6.422598 ], [ -46.99521, -6.422598 ], [ -46.993419, -6.423222 ], [ -46.993419, -6.423222 ], [ -46.991627, -6.423846 ], [ -46.991627, -6.423846 ], [ -46.988894, -6.42091 ], [ -46.988894, -6.42091 ], [ -46.987527, -6.419442 ], [ -46.987527, -6.419442 ], [ -46.98616, -6.417974 ], [ -46.98616, -6.417974 ], [ -46.986349, -6.417201 ], [ -46.986349, -6.417201 ], [ -46.986537, -6.416427 ], [ -46.986537, -6.416427 ], [ -46.986726, -6.415654 ], [ -46.986726, -6.415654 ], [ -46.986914, -6.414881 ], [ -46.986914, -6.414881 ], [ -46.991062, -6.418739 ], [ -46.991062, -6.418739 ], [ -46.99521, -6.422598 ], [ -46.99521, -6.422598 ] ] ] } },
{ "type": "Feature", "properties": { "WKT": "POLYGON ((-46.99521 -6.422598,-46.99521 -6.422598,-46.993419 -6.423222,-46.993419 -6.423222,-46.991627 -6.423846,-46.991627 -6.423846,-46.988894 -6.42091,-46.988894 -6.42091,-46.987527 -6.419442,-46.987527 -6.419442,-46.98616 -6.417974,-46.98616 -6.417974,-46.986349 -6.417201,-46.986349 -6.417201,-46.986537 -6.416427,-46.986537 -6.416427,-46.986726 -6.415654,-46.986726 -6.415654,-46.986914 -6.414881,-46.986914 -6.414881,-46.991062 -6.418739,-46.991062 -6.418739,-46.99521 -6.422598,-46.99521 -6.422598))", "polygon_id": "9935693", "#NR_UNCO_OPR": "20230725181821103", "#NRO_PROP": "567604874", "#CD_CLI": "908781147", "#NM_CLI": "ENILBERTO AGUIAR DA SILVA", "#NR_REF_RCR": "230235352", "#NRO_OPER": "4000241", "#SGL_SIST_RSPV_CNDU": "XER", "#CD_TIP_OBJ_NEG_CRD": "1", "#NR_OBJ_NEG_CRD": "567604874", "#SG_SIS_CDTR": "COP", "#CD_PRF_DEPE_CDTR": "5676", "#NR_SEQL_OBJ_NEG": "6", "#NR_UTZO_GER": "9935693", "#CD_LCZC_ACT_BC": "0", "#COD_MUNC": "84921", "#ARE_IMOV_LCZO_ITEM": "65.28", "#COD_BEM": "18112403", "#SEQ_CESS_IMOV": "", "#COD_NMRO_ICRA": "9500410436480", "#CD_CEND": "100002489", "#CD_REG_CAR": "MA2111052561751288C044B8D8B4C781361FD1C06", "#F_CLTE_PROP_PRINC": "908781147" }, "geometry": { "type": "Polygon", "coordinates": [ [ [ -46.99521, -6.422598 ], [ -46.99521, -6.422598 ], [ -46.993419, -6.423222 ], [ -46.993419, -6.423222 ], [ -46.991627, -6.423846 ], [ -46.991627, -6.423846 ], [ -46.988894, -6.42091 ], [ -46.988894, -6.42091 ], [ -46.987527, -6.419442 ], [ -46.987527, -6.419442 ], [ -46.98616, -6.417974 ], [ -46.98616, -6.417974 ], [ -46.986349, -6.417201 ], [ -46.986349, -6.417201 ], [ -46.986537, -6.416427 ], [ -46.986537, -6.416427 ], [ -46.986726, -6.415654 ], [ -46.986726, -6.415654 ], [ -46.986914, -6.414881 ], [ -46.986914, -6.414881 ], [ -46.991062, -6.418739 ], [ -46.991062, -6.418739 ], [ -46.99521, -6.422598 ], [ -46.99521, -6.422598 ] ] ] } },
{ "type": "Feature", "properties": { "WKT": "POLYGON ((-46.99521 -6.422598,-46.99521 -6.422598,-46.993419 -6.423222,-46.993419 -6.423222,-46.991627 -6.423846,-46.991627 -6.423846,-46.988894 -6.42091,-46.988894 -6.42091,-46.987527 -6.419442,-46.987527 -6.419442,-46.98616 -6.417974,-46.98616 -6.417974,-46.986349 -6.417201,-46.986349 -6.417201,-46.986537 -6.416427,-46.986537 -6.416427,-46.986726 -6.415654,-46.986726 -6.415654,-46.986914 -6.414881,-46.986914 -6.414881,-46.991062 -6.418739,-46.991062 -6.418739,-46.99521 -6.422598,-46.99521 -6.422598))", "polygon_id": "9935722", "#NR_UNCO_OPR": "20230725181821103", "#NRO_PROP": "567604874", "#CD_CLI": "908781147", "#NM_CLI": "ENILBERTO AGUIAR DA SILVA", "#NR_REF_RCR": "230235352", "#NRO_OPER": "4000241", "#SGL_SIST_RSPV_CNDU": "XER", "#CD_TIP_OBJ_NEG_CRD": "1", "#NR_OBJ_NEG_CRD": "567604874", "#SG_SIS_CDTR": "COP", "#CD_PRF_DEPE_CDTR": "5676", "#NR_SEQL_OBJ_NEG": "4", "#NR_UTZO_GER": "9935722", "#CD_LCZC_ACT_BC": "0", "#COD_MUNC": "84921", "#ARE_IMOV_LCZO_ITEM": "65.28", "#COD_BEM": "18112403", "#SEQ_CESS_IMOV": "", "#COD_NMRO_ICRA": "9500410436480", "#CD_CEND": "100002489", "#CD_REG_CAR": "MA2111052561751288C044B8D8B4C781361FD1C06", "#F_CLTE_PROP_PRINC": "908781147" }, "geometry": { "type": "Polygon", "coordinates": [ [ [ -46.99521, -6.422598 ], [ -46.99521, -6.422598 ], [ -46.993419, -6.423222 ], [ -46.993419, -6.423222 ], [ -46.991627, -6.423846 ], [ -46.991627, -6.423846 ], [ -46.988894, -6.42091 ], [ -46.988894, -6.42091 ], [ -46.987527, -6.419442 ], [ -46.987527, -6.419442 ], [ -46.98616, -6.417974 ], [ -46.98616, -6.417974 ], [ -46.986349, -6.417201 ], [ -46.986349, -6.417201 ], [ -46.986537, -6.416427 ], [ -46.986537, -6.416427 ], [ -46.986726, -6.415654 ], [ -46.986726, -6.415654 ], [ -46.986914, -6.414881 ], [ -46.986914, -6.414881 ], [ -46.991062, -6.418739 ], [ -46.991062, -6.418739 ], [ -46.99521, -6.422598 ], [ -46.99521, -6.422598 ] ] ] } },
{ "type": "Feature", "properties": { "WKT": "POLYGON ((-46.760845 -6.272906,-46.760845 -6.272906,-46.760577 -6.274051,-46.760577 -6.274051,-46.759054 -6.27556,-46.759054 -6.27556,-46.757025 -6.275505,-46.757025 -6.275505,-46.75566 -6.275236,-46.75566 -6.275236,-46.753418 -6.274676,-46.753418 -6.274676,-46.751201 -6.273855,-46.751201 -6.273855,-46.752879 -6.27264,-46.752879 -6.27264,-46.754194 -6.272278,-46.754194 -6.272278,-46.757589 -6.2726,-46.757589 -6.2726,-46.760845 -6.272906,-46.760845 -6.272906))", "polygon_id": "10020412", "#NR_UNCO_OPR": "20230936742721073", "#NRO_PROP": "567604884", "#CD_CLI": "111639404", "#NM_CLI": "RAIMUNDA VIANA DE SOUSA", "#NR_REF_RCR": "230317041", "#NRO_OPER": "4000246", "#SGL_SIST_RSPV_CNDU": "XER", "#CD_TIP_OBJ_NEG_CRD": "1", "#NR_OBJ_NEG_CRD": "567604884", "#SG_SIS_CDTR": "COP", "#CD_PRF_DEPE_CDTR": "5676", "#NR_SEQL_OBJ_NEG": "5", "#NR_UTZO_GER": "10020412", "#CD_LCZC_ACT_BC": "0", "#COD_MUNC": "84921", "#ARE_IMOV_LCZO_ITEM": "62.57", "#COD_BEM": "506627437", "#SEQ_CESS_IMOV": "2", "#COD_NMRO_ICRA": "9500682440908", "#CD_CEND": "100001695", "#CD_REG_CAR": "MA2111052BE87C967807344DBB0AC8933ED752C36", "#F_CLTE_PROP_PRINC": "911926713" }, "geometry": { "type": "Polygon", "coordinates": [ [ [ -46.760845, -6.272906 ], [ -46.760845, -6.272906 ], [ -46.760577, -6.274051 ], [ -46.760577, -6.274051 ], [ -46.759054, -6.27556 ], [ -46.759054, -6.27556 ], [ -46.757025, -6.275505 ], [ -46.757025, -6.275505 ], [ -46.75566, -6.275236 ], [ -46.75566, -6.275236 ], [ -46.753418, -6.274676 ], [ -46.753418, -6.274676 ], [ -46.751201, -6.273855 ], [ -46.751201, -6.273855 ], [ -46.752879, -6.27264 ], [ -46.752879, -6.27264 ], [ -46.754194, -6.272278 ], [ -46.754194, -6.272278 ], [ -46.757589, -6.2726 ], [ -46.757589, -6.2726 ], [ -46.760845, -6.272906 ], [ -46.760845, -6.272906 ] ] ] } },
{ "type": "Feature", "properties": { "WKT": "POLYGON ((-46.760845 -6.272906,-46.760845 -6.272906,-46.760577 -6.274051,-46.760577 -6.274051,-46.759054 -6.27556,-46.759054 -6.27556,-46.757025 -6.275505,-46.757025 -6.275505,-46.75566 -6.275236,-46.75566 -6.275236,-46.753418 -6.274676,-46.753418 -6.274676,-46.751201 -6.273855,-46.751201 -6.273855,-46.752879 -6.27264,-46.752879 -6.27264,-46.754194 -6.272278,-46.754194 -6.272278,-46.757589 -6.2726,-46.757589 -6.2726,-46.760845 -6.272906,-46.760845 -6.272906))", "polygon_id": "10020415", "#NR_UNCO_OPR": "20230936742721073", "#NRO_PROP": "567604884", "#CD_CLI": "111639404", "#NM_CLI": "RAIMUNDA VIANA DE SOUSA", "#NR_REF_RCR": "230317041", "#NRO_OPER": "4000246", "#SGL_SIST_RSPV_CNDU": "XER", "#CD_TIP_OBJ_NEG_CRD": "1", "#NR_OBJ_NEG_CRD": "567604884", "#SG_SIS_CDTR": "COP", "#CD_PRF_DEPE_CDTR": "5676", "#NR_SEQL_OBJ_NEG": "1", "#NR_UTZO_GER": "10020415", "#CD_LCZC_ACT_BC": "0", "#COD_MUNC": "84921", "#ARE_IMOV_LCZO_ITEM": "62.57", "#COD_BEM": "506627437", "#SEQ_CESS_IMOV": "2", "#COD_NMRO_ICRA": "9500682440908", "#CD_CEND": "100001695", "#CD_REG_CAR": "MA2111052BE87C967807344DBB0AC8933ED752C36", "#F_CLTE_PROP_PRINC": "911926713" }, "geometry": { "type": "Polygon", "coordinates": [ [ [ -46.760845, -6.272906 ], [ -46.760845, -6.272906 ], [ -46.760577, -6.274051 ], [ -46.760577, -6.274051 ], [ -46.759054, -6.27556 ], [ -46.759054, -6.27556 ], [ -46.757025, -6.275505 ], [ -46.757025, -6.275505 ], [ -46.75566, -6.275236 ], [ -46.75566, -6.275236 ], [ -46.753418, -6.274676 ], [ -46.753418, -6.274676 ], [ -46.751201, -6.273855 ], [ -46.751201, -6.273855 ], [ -46.752879, -6.27264 ], [ -46.752879, -6.27264 ], [ -46.754194, -6.272278 ], [ -46.754194, -6.272278 ], [ -46.757589, -6.2726 ], [ -46.757589, -6.2726 ], [ -46.760845, -6.272906 ], [ -46.760845, -6.272906 ] ] ] } },
{ "type": "Feature", "properties": { "WKT": "POLYGON ((-46.760845 -6.272906,-46.760845 -6.272906,-46.760577 -6.274051,-46.760577 -6.274051,-46.759054 -6.27556,-46.759054 -6.27556,-46.757025 -6.275505,-46.757025 -6.275505,-46.75566 -6.275236,-46.75566 -6.275236,-46.753418 -6.274676,-46.753418 -6.274676,-46.751201 -6.273855,-46.751201 -6.273855,-46.752879 -6.27264,-46.752879 -6.27264,-46.754194 -6.272278,-46.754194 -6.272278,-46.757589 -6.2726,-46.757589 -6.2726,-46.760845 -6.272906,-46.760845 -6.272906))", "polygon_id": "10021467", "#NR_UNCO_OPR": "20230936742721073", "#NRO_PROP": "567604884", "#CD_CLI": "111639404", "#NM_CLI": "RAIMUNDA VIANA DE SOUSA", "#NR_REF_RCR": "230317041", "#NRO_OPER": "4000246", "#SGL_SIST_RSPV_CNDU": "XER", "#CD_TIP_OBJ_NEG_CRD": "1", "#NR_OBJ_NEG_CRD": "567604884", "#SG_SIS_CDTR": "COP", "#CD_PRF_DEPE_CDTR": "5676", "#NR_SEQL_OBJ_NEG": "2", "#NR_UTZO_GER": "10021467", "#CD_LCZC_ACT_BC": "0", "#COD_MUNC": "84921", "#ARE_IMOV_LCZO_ITEM": "62.57", "#COD_BEM": "506627437", "#SEQ_CESS_IMOV": "2", "#COD_NMRO_ICRA": "9500682440908", "#CD_CEND": "100001695", "#CD_REG_CAR": "MA2111052BE87C967807344DBB0AC8933ED752C36", "#F_CLTE_PROP_PRINC": "911926713" }, "geometry": { "type": "Polygon", "coordinates": [ [ [ -46.760845, -6.272906 ], [ -46.760845, -6.272906 ], [ -46.760577, -6.274051 ], [ -46.760577, -6.274051 ], [ -46.759054, -6.27556 ], [ -46.759054, -6.27556 ], [ -46.757025, -6.275505 ], [ -46.757025, -6.275505 ], [ -46.75566, -6.275236 ], [ -46.75566, -6.275236 ], [ -46.753418, -6.274676 ], [ -46.753418, -6.274676 ], [ -46.751201, -6.273855 ], [ -46.751201, -6.273855 ], [ -46.752879, -6.27264 ], [ -46.752879, -6.27264 ], [ -46.754194, -6.272278 ], [ -46.754194, -6.272278 ], [ -46.757589, -6.2726 ], [ -46.757589, -6.2726 ], [ -46.760845, -6.272906 ], [ -46.760845, -6.272906 ] ] ] } },
{ "type": "Feature", "properties": { "WKT": "POLYGON ((-47.102432 -6.392338,-47.102432 -6.392338,-47.098248 -6.391732,-47.098248 -6.391732,-47.094063 -6.391127,-47.094063 -6.391127,-47.093376 -6.388418,-47.093376 -6.388418,-47.092689 -6.38571,-47.092689 -6.38571,-47.093435 -6.384809,-47.093435 -6.384809,-47.09418 -6.383908,-47.09418 -6.383908,-47.096539 -6.384404,-47.096539 -6.384404,-47.098898 -6.384899,-47.098898 -6.384899,-47.101257 -6.385395,-47.101257 -6.385395,-47.103616 -6.385891,-47.103616 -6.385891,-47.102432 -6.392338,-47.102432 -6.392338))", "polygon_id": "10166623", "#NR_UNCO_OPR": "20230947213521403", "#NRO_PROP": "567604820", "#CD_CLI": "910207642", "#NM_CLI": "JOAO NEVES RODRIGUES", "#NR_REF_RCR": "230317515", "#NRO_OPER": "4000248", "#SGL_SIST_RSPV_CNDU": "XER", "#CD_TIP_OBJ_NEG_CRD": "1", "#NR_OBJ_NEG_CRD": "567604820", "#SG_SIS_CDTR": "COP", "#CD_PRF_DEPE_CDTR": "5676", "#NR_SEQL_OBJ_NEG": "1", "#NR_UTZO_GER": "10166623", "#CD_LCZC_ACT_BC": "0", "#COD_MUNC": "84921", "#ARE_IMOV_LCZO_ITEM": "180.61", "#COD_BEM": "537298415", "#SEQ_CESS_IMOV": "", "#COD_NMRO_ICRA": "1100510078975", "#CD_CEND": "100002170", "#CD_REG_CAR": "MA21110524CC1209756F14CD68DE1C1252652DEB4", "#F_CLTE_PROP_PRINC": "910207642" }, "geometry": { "type": "Polygon", "coordinates": [ [ [ -47.102432, -6.392338 ], [ -47.102432, -6.392338 ], [ -47.098248, -6.391732 ], [ -47.098248, -6.391732 ], [ -47.094063, -6.391127 ], [ -47.094063, -6.391127 ], [ -47.093376, -6.388418 ], [ -47.093376, -6.388418 ], [ -47.092689, -6.38571 ], [ -47.092689, -6.38571 ], [ -47.093435, -6.384809 ], [ -47.093435, -6.384809 ], [ -47.09418, -6.383908 ], [ -47.09418, -6.383908 ], [ -47.096539, -6.384404 ], [ -47.096539, -6.384404 ], [ -47.098898, -6.384899 ], [ -47.098898, -6.384899 ], [ -47.101257, -6.385395 ], [ -47.101257, -6.385395 ], [ -47.103616, -6.385891 ], [ -47.103616, -6.385891 ], [ -47.102432, -6.392338 ], [ -47.102432, -6.392338 ] ] ] } },
{ "type": "Feature", "properties": { "WKT": "POLYGON ((-47.102432 -6.392338,-47.102432 -6.392338,-47.098248 -6.391732,-47.098248 -6.391732,-47.094063 -6.391127,-47.094063 -6.391127,-47.093376 -6.388418,-47.093376 -6.388418,-47.092689 -6.38571,-47.092689 -6.38571,-47.093435 -6.384809,-47.093435 -6.384809,-47.09418 -6.383908,-47.09418 -6.383908,-47.096539 -6.384404,-47.096539 -6.384404,-47.098898 -6.384899,-47.098898 -6.384899,-47.101257 -6.385395,-47.101257 -6.385395,-47.103616 -6.385891,-47.103616 -6.385891,-47.102432 -6.392338,-47.102432 -6.392338))", "polygon_id": "10166628", "#NR_UNCO_OPR": "20230947213521403", "#NRO_PROP": "567604820", "#CD_CLI": "910207642", "#NM_CLI": "JOAO NEVES RODRIGUES", "#NR_REF_RCR": "230317515", "#NRO_OPER": "4000248", "#SGL_SIST_RSPV_CNDU": "XER", "#CD_TIP_OBJ_NEG_CRD": "1", "#NR_OBJ_NEG_CRD": "567604820", "#SG_SIS_CDTR": "COP", "#CD_PRF_DEPE_CDTR": "5676", "#NR_SEQL_OBJ_NEG": "2", "#NR_UTZO_GER": "10166628", "#CD_LCZC_ACT_BC": "0", "#COD_MUNC": "84921", "#ARE_IMOV_LCZO_ITEM": "180.61", "#COD_BEM": "537298415", "#SEQ_CESS_IMOV": "", "#COD_NMRO_ICRA": "1100510078975", "#CD_CEND": "100002170", "#CD_REG_CAR": "MA21110524CC1209756F14CD68DE1C1252652DEB4", "#F_CLTE_PROP_PRINC": "910207642" }, "geometry": { "type": "Polygon", "coordinates": [ [ [ -47.102432, -6.392338 ], [ -47.102432, -6.392338 ], [ -47.098248, -6.391732 ], [ -47.098248, -6.391732 ], [ -47.094063, -6.391127 ], [ -47.094063, -6.391127 ], [ -47.093376, -6.388418 ], [ -47.093376, -6.388418 ], [ -47.092689, -6.38571 ], [ -47.092689, -6.38571 ], [ -47.093435, -6.384809 ], [ -47.093435, -6.384809 ], [ -47.09418, -6.383908 ], [ -47.09418, -6.383908 ], [ -47.096539, -6.384404 ], [ -47.096539, -6.384404 ], [ -47.098898, -6.384899 ], [ -47.098898, -6.384899 ], [ -47.101257, -6.385395 ], [ -47.101257, -6.385395 ], [ -47.103616, -6.385891 ], [ -47.103616, -6.385891 ], [ -47.102432, -6.392338 ], [ -47.102432, -6.392338 ] ] ] } },
{ "type": "Feature", "properties": { "WKT": "POLYGON ((-47.102432 -6.392338,-47.102432 -6.392338,-47.098248 -6.391732,-47.098248 -6.391732,-47.094063 -6.391127,-47.094063 -6.391127,-47.093376 -6.388418,-47.093376 -6.388418,-47.092689 -6.38571,-47.092689 -6.38571,-47.093435 -6.384809,-47.093435 -6.384809,-47.09418 -6.383908,-47.09418 -6.383908,-47.096539 -6.384404,-47.096539 -6.384404,-47.098898 -6.384899,-47.098898 -6.384899,-47.101257 -6.385395,-47.101257 -6.385395,-47.103616 -6.385891,-47.103616 -6.385891,-47.102432 -6.392338,-47.102432 -6.392338))", "polygon_id": "10166639", "#NR_UNCO_OPR": "20230947213521403", "#NRO_PROP": "567604820", "#CD_CLI": "910207642", "#NM_CLI": "JOAO NEVES RODRIGUES", "#NR_REF_RCR": "230317515", "#NRO_OPER": "4000248", "#SGL_SIST_RSPV_CNDU": "XER", "#CD_TIP_OBJ_NEG_CRD": "1", "#NR_OBJ_NEG_CRD": "567604820", "#SG_SIS_CDTR": "COP", "#CD_PRF_DEPE_CDTR": "5676", "#NR_SEQL_OBJ_NEG": "5", "#NR_UTZO_GER": "10166639", "#CD_LCZC_ACT_BC": "0", "#COD_MUNC": "84921", "#ARE_IMOV_LCZO_ITEM": "180.61", "#COD_BEM": "537298415", "#SEQ_CESS_IMOV": "", "#COD_NMRO_ICRA": "1100510078975", "#CD_CEND": "100002170", "#CD_REG_CAR": "MA21110524CC1209756F14CD68DE1C1252652DEB4", "#F_CLTE_PROP_PRINC": "910207642" }, "geometry": { "type": "Polygon", "coordinates": [ [ [ -47.102432, -6.392338 ], [ -47.102432, -6.392338 ], [ -47.098248, -6.391732 ], [ -47.098248, -6.391732 ], [ -47.094063, -6.391127 ], [ -47.094063, -6.391127 ], [ -47.093376, -6.388418 ], [ -47.093376, -6.388418 ], [ -47.092689, -6.38571 ], [ -47.092689, -6.38571 ], [ -47.093435, -6.384809 ], [ -47.093435, -6.384809 ], [ -47.09418, -6.383908 ], [ -47.09418, -6.383908 ], [ -47.096539, -6.384404 ], [ -47.096539, -6.384404 ], [ -47.098898, -6.384899 ], [ -47.098898, -6.384899 ], [ -47.101257, -6.385395 ], [ -47.101257, -6.385395 ], [ -47.103616, -6.385891 ], [ -47.103616, -6.385891 ], [ -47.102432, -6.392338 ], [ -47.102432, -6.392338 ] ] ] } },
{ "type": "Feature", "properties": { "WKT": "POLYGON ((-45.814568 -4.330668,-45.814568 -4.330668,-45.818844 -4.33162,-45.818844 -4.33162,-45.817847 -4.333198,-45.817847 -4.333198,-45.816851 -4.334776,-45.816851 -4.334776,-45.816312 -4.336837,-45.816312 -4.336837,-45.814791 -4.337033,-45.814791 -4.337033,-45.81327 -4.337229,-45.81327 -4.337229,-45.810748 -4.33617,-45.810748 -4.33617,-45.808227 -4.33511,-45.808227 -4.33511,-45.80834 -4.332444,-45.80834 -4.332444,-45.808453 -4.329778,-45.808453 -4.329778,-45.814568 -4.330668,-45.814568 -4.330668))", "polygon_id": "10227898", "#NR_UNCO_OPR": "20231086543221009", "#NRO_PROP": "567604946", "#CD_CLI": "518583418", "#NM_CLI": "GEOVANE LOPES DOS SANTOS", "#NR_REF_RCR": "230369326", "#NRO_OPER": "4000250", "#SGL_SIST_RSPV_CNDU": "XER", "#CD_TIP_OBJ_NEG_CRD": "1", "#NR_OBJ_NEG_CRD": "567604946", "#SG_SIS_CDTR": "COP", "#CD_PRF_DEPE_CDTR": "5676", "#NR_SEQL_OBJ_NEG": "1", "#NR_UTZO_GER": "10227898", "#CD_LCZC_ACT_BC": "0", "#COD_MUNC": "80500", "#ARE_IMOV_LCZO_ITEM": "71.25", "#COD_BEM": "532553195", "#SEQ_CESS_IMOV": "", "#COD_NMRO_ICRA": "9501900780500", "#CD_CEND": "100002330", "#CD_REG_CAR": "MA211000525F677FA0BE0406AA13997F720CCD0D2", "#F_CLTE_PROP_PRINC": "518583418" }, "geometry": { "type": "Polygon", "coordinates": [ [ [ -45.814568, -4.330668 ], [ -45.814568, -4.330668 ], [ -45.818844, -4.33162 ], [ -45.818844, -4.33162 ], [ -45.817847, -4.333198 ], [ -45.817847, -4.333198 ], [ -45.816851, -4.334776 ], [ -45.816851, -4.334776 ], [ -45.816312, -4.336837 ], [ -45.816312, -4.336837 ], [ -45.814791, -4.337033 ], [ -45.814791, -4.337033 ], [ -45.81327, -4.337229 ], [ -45.81327, -4.337229 ], [ -45.810748, -4.33617 ], [ -45.810748, -4.33617 ], [ -45.808227, -4.33511 ], [ -45.808227, -4.33511 ], [ -45.80834, -4.332444 ], [ -45.80834, -4.332444 ], [ -45.808453, -4.329778 ], [ -45.808453, -4.329778 ], [ -45.814568, -4.330668 ], [ -45.814568, -4.330668 ] ] ] } },
{ "type": "Feature", "properties": { "WKT": "POLYGON ((-45.814568 -4.330668,-45.814568 -4.330668,-45.818844 -4.33162,-45.818844 -4.33162,-45.817847 -4.333198,-45.817847 -4.333198,-45.816851 -4.334776,-45.816851 -4.334776,-45.816312 -4.336837,-45.816312 -4.336837,-45.814791 -4.337033,-45.814791 -4.337033,-45.81327 -4.337229,-45.81327 -4.337229,-45.810748 -4.33617,-45.810748 -4.33617,-45.808227 -4.33511,-45.808227 -4.33511,-45.80834 -4.332444,-45.80834 -4.332444,-45.808453 -4.329778,-45.808453 -4.329778,-45.814568 -4.330668,-45.814568 -4.330668))", "polygon_id": "10227899", "#NR_UNCO_OPR": "20231086543221009", "#NRO_PROP": "567604946", "#CD_CLI": "518583418", "#NM_CLI": "GEOVANE LOPES DOS SANTOS", "#NR_REF_RCR": "230369326", "#NRO_OPER": "4000250", "#SGL_SIST_RSPV_CNDU": "XER", "#CD_TIP_OBJ_NEG_CRD": "1", "#NR_OBJ_NEG_CRD": "567604946", "#SG_SIS_CDTR": "COP", "#CD_PRF_DEPE_CDTR": "5676", "#NR_SEQL_OBJ_NEG": "2", "#NR_UTZO_GER": "10227899", "#CD_LCZC_ACT_BC": "0", "#COD_MUNC": "80500", "#ARE_IMOV_LCZO_ITEM": "71.25", "#COD_BEM": "532553195", "#SEQ_CESS_IMOV": "", "#COD_NMRO_ICRA": "9501900780500", "#CD_CEND": "100002330", "#CD_REG_CAR": "MA211000525F677FA0BE0406AA13997F720CCD0D2", "#F_CLTE_PROP_PRINC": "518583418" }, "geometry": { "type": "Polygon", "coordinates": [ [ [ -45.814568, -4.330668 ], [ -45.814568, -4.330668 ], [ -45.818844, -4.33162 ], [ -45.818844, -4.33162 ], [ -45.817847, -4.333198 ], [ -45.817847, -4.333198 ], [ -45.816851, -4.334776 ], [ -45.816851, -4.334776 ], [ -45.816312, -4.336837 ], [ -45.816312, -4.336837 ], [ -45.814791, -4.337033 ], [ -45.814791, -4.337033 ], [ -45.81327, -4.337229 ], [ -45.81327, -4.337229 ], [ -45.810748, -4.33617 ], [ -45.810748, -4.33617 ], [ -45.808227, -4.33511 ], [ -45.808227, -4.33511 ], [ -45.80834, -4.332444 ], [ -45.80834, -4.332444 ], [ -45.808453, -4.329778 ], [ -45.808453, -4.329778 ], [ -45.814568, -4.330668 ], [ -45.814568, -4.330668 ] ] ] } },
{ "type": "Feature", "properties": { "WKT": "POLYGON ((-45.814568 -4.330668,-45.814568 -4.330668,-45.818844 -4.33162,-45.818844 -4.33162,-45.817847 -4.333198,-45.817847 -4.333198,-45.816851 -4.334776,-45.816851 -4.334776,-45.816312 -4.336837,-45.816312 -4.336837,-45.814791 -4.337033,-45.814791 -4.337033,-45.81327 -4.337229,-45.81327 -4.337229,-45.810748 -4.33617,-45.810748 -4.33617,-45.808227 -4.33511,-45.808227 -4.33511,-45.80834 -4.332444,-45.80834 -4.332444,-45.808453 -4.329778,-45.808453 -4.329778,-45.814568 -4.330668,-45.814568 -4.330668))", "polygon_id": "10228609", "#NR_UNCO_OPR": "20231086543221009", "#NRO_PROP": "567604946", "#CD_CLI": "518583418", "#NM_CLI": "GEOVANE LOPES DOS SANTOS", "#NR_REF_RCR": "230369326", "#NRO_OPER": "4000250", "#SGL_SIST_RSPV_CNDU": "XER", "#CD_TIP_OBJ_NEG_CRD": "1", "#NR_OBJ_NEG_CRD": "567604946", "#SG_SIS_CDTR": "COP", "#CD_PRF_DEPE_CDTR": "5676", "#NR_SEQL_OBJ_NEG": "5", "#NR_UTZO_GER": "10228609", "#CD_LCZC_ACT_BC": "0", "#COD_MUNC": "80500", "#ARE_IMOV_LCZO_ITEM": "71.25", "#COD_BEM": "532553195", "#SEQ_CESS_IMOV": "", "#COD_NMRO_ICRA": "9501900780500", "#CD_CEND": "100002330", "#CD_REG_CAR": "MA211000525F677FA0BE0406AA13997F720CCD0D2", "#F_CLTE_PROP_PRINC": "518583418" }, "geometry": { "type": "Polygon", "coordinates": [ [ [ -45.814568, -4.330668 ], [ -45.814568, -4.330668 ], [ -45.818844, -4.33162 ], [ -45.818844, -4.33162 ], [ -45.817847, -4.333198 ], [ -45.817847, -4.333198 ], [ -45.816851, -4.334776 ], [ -45.816851, -4.334776 ], [ -45.816312, -4.336837 ], [ -45.816312, -4.336837 ], [ -45.814791, -4.337033 ], [ -45.814791, -4.337033 ], [ -45.81327, -4.337229 ], [ -45.81327, -4.337229 ], [ -45.810748, -4.33617 ], [ -45.810748, -4.33617 ], [ -45.808227, -4.33511 ], [ -45.808227, -4.33511 ], [ -45.80834, -4.332444 ], [ -45.80834, -4.332444 ], [ -45.808453, -4.329778 ], [ -45.808453, -4.329778 ], [ -45.814568, -4.330668 ], [ -45.814568, -4.330668 ] ] ] } },
{ "type": "Feature", "properties": { "WKT": "POLYGON ((-46.050564 -4.12308,-46.050057 -4.120946,-46.04955 -4.118812,-46.05191 -4.118194,-46.053089 -4.117884,-46.054269 -4.117575,-46.05456 -4.118597,-46.054851 -4.119619,-46.055142 -4.120641,-46.055433 -4.121663,-46.052999 -4.122371,-46.050564 -4.12308))", "polygon_id": "10298056", "#NR_UNCO_OPR": "20231445661321550", "#NRO_PROP": "567604980", "#CD_CLI": "910729856", "#NM_CLI": "RAIMUNDO PEREIRA DA ROCHA", "#NR_REF_RCR": "230516914", "#NRO_OPER": "567601369", "#SGL_SIST_RSPV_CNDU": "COP", "#CD_TIP_OBJ_NEG_CRD": "1", "#NR_OBJ_NEG_CRD": "567604980", "#SG_SIS_CDTR": "COP", "#CD_PRF_DEPE_CDTR": "5676", "#NR_SEQL_OBJ_NEG": "1", "#NR_UTZO_GER": "10298056", "#CD_LCZC_ACT_BC": "0", "#COD_MUNC": "80500", "#ARE_IMOV_LCZO_ITEM": "44.3", "#COD_BEM": "539403533", "#SEQ_CESS_IMOV": "", "#COD_NMRO_ICRA": "9511103843054", "#CD_CEND": "100002336", "#CD_REG_CAR": "MA2110005ADBF147DE44E402384BC558B8D2989AD", "#F_CLTE_PROP_PRINC": "910729856" }, "geometry": { "type": "Polygon", "coordinates": [ [ [ -46.050564, -4.12308 ], [ -46.050057, -4.120946 ], [ -46.04955, -4.118812 ], [ -46.05191, -4.118194 ], [ -46.053089, -4.117884 ], [ -46.054269, -4.117575 ], [ -46.05456, -4.118597 ], [ -46.054851, -4.119619 ], [ -46.055142, -4.120641 ], [ -46.055433, -4.121663 ], [ -46.052999, -4.122371 ], [ -46.050564, -4.12308 ] ] ] } },
{ "type": "Feature", "properties": { "WKT": "POLYGON ((-45.899225 -4.23515,-45.897772 -4.237336,-45.896319 -4.239523,-45.894457 -4.238021,-45.893526 -4.237269,-45.892595 -4.236518,-45.89282 -4.235559,-45.893046 -4.234599,-45.893271 -4.23364,-45.893497 -4.232681,-45.896361 -4.233916,-45.899225 -4.23515))", "polygon_id": "10325991", "#NR_UNCO_OPR": "20231286564721349", "#NRO_PROP": "567604982", "#CD_CLI": "515860939", "#NM_CLI": "WALLISON ALMEIDA SOUSA", "#NR_REF_RCR": "230469609", "#NRO_OPER": "567601351", "#SGL_SIST_RSPV_CNDU": "COP", "#CD_TIP_OBJ_NEG_CRD": "1", "#NR_OBJ_NEG_CRD": "567604982", "#SG_SIS_CDTR": "COP", "#CD_PRF_DEPE_CDTR": "5676", "#NR_SEQL_OBJ_NEG": "1", "#NR_UTZO_GER": "10325991", "#CD_LCZC_ACT_BC": "0", "#COD_MUNC": "80500", "#ARE_IMOV_LCZO_ITEM": "78.11", "#COD_BEM": "540164926", "#SEQ_CESS_IMOV": "", "#COD_NMRO_ICRA": "9999546960307", "#CD_CEND": "100002334", "#CD_REG_CAR": "MA21100055A0B5B2D86F340DDB136F154D5D58FEF", "#F_CLTE_PROP_PRINC": "515860939" }, "geometry": { "type": "Polygon", "coordinates": [ [ [ -45.899225, -4.23515 ], [ -45.897772, -4.237336 ], [ -45.896319, -4.239523 ], [ -45.894457, -4.238021 ], [ -45.893526, -4.237269 ], [ -45.892595, -4.236518 ], [ -45.89282, -4.235559 ], [ -45.893046, -4.234599 ], [ -45.893271, -4.23364 ], [ -45.893497, -4.232681 ], [ -45.896361, -4.233916 ], [ -45.899225, -4.23515 ] ] ] } },
{ "type": "Feature", "properties": { "WKT": "POLYGON ((-45.925384 -4.291486,-45.925384 -4.291486,-45.927744 -4.294503,-45.927744 -4.294503,-45.926671 -4.295273,-45.926671 -4.295273,-45.927551 -4.296835,-45.927551 -4.296835,-45.925117 -4.298487,-45.925117 -4.298487,-45.922683 -4.30014,-45.922683 -4.30014,-45.922002 -4.298705,-45.922002 -4.298705,-45.921322 -4.297271,-45.921322 -4.297271,-45.921001 -4.296159,-45.921001 -4.296159,-45.920679 -4.295047,-45.920679 -4.295047,-45.922949 -4.294177,-45.922949 -4.294177,-45.925384 -4.291486,-45.925384 -4.291486))", "polygon_id": "11897188", "#NR_UNCO_OPR": "20233453152021378", "#NRO_PROP": "567605301", "#CD_CLI": "106428465", "#NM_CLI": "JOSE NAGIB DE SOUSA SANTOS", "#NR_REF_RCR": "231803531", "#NRO_OPER": "4000257", "#SGL_SIST_RSPV_CNDU": "XER", "#CD_TIP_OBJ_NEG_CRD": "1", "#NR_OBJ_NEG_CRD": "567605301", "#SG_SIS_CDTR": "COP", "#CD_PRF_DEPE_CDTR": "5676", "#NR_SEQL_OBJ_NEG": "2", "#NR_UTZO_GER": "11897188", "#CD_LCZC_ACT_BC": "0", "#COD_MUNC": "80500", "#ARE_IMOV_LCZO_ITEM": "47.48", "#COD_BEM": "542098676", "#SEQ_CESS_IMOV": "", "#COD_NMRO_ICRA": "1020160072428", "#CD_CEND": "100002333", "#CD_REG_CAR": "MA2110005A718415954484666B7E45A5660D0B189", "#F_CLTE_PROP_PRINC": "106428465" }, "geometry": { "type": "Polygon", "coordinates": [ [ [ -45.925384, -4.291486 ], [ -45.925384, -4.291486 ], [ -45.927744, -4.294503 ], [ -45.927744, -4.294503 ], [ -45.926671, -4.295273 ], [ -45.926671, -4.295273 ], [ -45.927551, -4.296835 ], [ -45.927551, -4.296835 ], [ -45.925117, -4.298487 ], [ -45.925117, -4.298487 ], [ -45.922683, -4.30014 ], [ -45.922683, -4.30014 ], [ -45.922002, -4.298705 ], [ -45.922002, -4.298705 ], [ -45.921322, -4.297271 ], [ -45.921322, -4.297271 ], [ -45.921001, -4.296159 ], [ -45.921001, -4.296159 ], [ -45.920679, -4.295047 ], [ -45.920679, -4.295047 ], [ -45.922949, -4.294177 ], [ -45.922949, -4.294177 ], [ -45.925384, -4.291486 ], [ -45.925384, -4.291486 ] ] ] } },
{ "type": "Feature", "properties": { "WKT": "POLYGON ((-45.924728 -4.297655,-45.924728 -4.297655,-45.924802 -4.297767,-45.924802 -4.297767,-45.924876 -4.297879,-45.924876 -4.297879,-45.924696 -4.298001,-45.924696 -4.298001,-45.924605 -4.298062,-45.924605 -4.298062,-45.924515 -4.298122,-45.924515 -4.298122,-45.924477 -4.298066,-45.924477 -4.298066,-45.924439 -4.29801,-45.924439 -4.29801,-45.924401 -4.297954,-45.924401 -4.297954,-45.924363 -4.297897,-45.924363 -4.297897,-45.924546 -4.297776,-45.924546 -4.297776,-45.924728 -4.297655,-45.924728 -4.297655))", "polygon_id": "11898486", "#NR_UNCO_OPR": "20233453152021378", "#NRO_PROP": "567605301", "#CD_CLI": "106428465", "#NM_CLI": "JOSE NAGIB DE SOUSA SANTOS", "#NR_REF_RCR": "231803531", "#NRO_OPER": "4000257", "#SGL_SIST_RSPV_CNDU": "XER", "#CD_TIP_OBJ_NEG_CRD": "1", "#NR_OBJ_NEG_CRD": "567605301", "#SG_SIS_CDTR": "COP", "#CD_PRF_DEPE_CDTR": "5676", "#NR_SEQL_OBJ_NEG": "4", "#NR_UTZO_GER": "11898486", "#CD_LCZC_ACT_BC": "0", "#COD_MUNC": "80500", "#ARE_IMOV_LCZO_ITEM": "47.48", "#COD_BEM": "542098676", "#SEQ_CESS_IMOV": "", "#COD_NMRO_ICRA": "1020160072428", "#CD_CEND": "100002333", "#CD_REG_CAR": "MA2110005A718415954484666B7E45A5660D0B189", "#F_CLTE_PROP_PRINC": "106428465" }, "geometry": { "type": "Polygon", "coordinates": [ [ [ -45.924728, -4.297655 ], [ -45.924728, -4.297655 ], [ -45.924802, -4.297767 ], [ -45.924802, -4.297767 ], [ -45.924876, -4.297879 ], [ -45.924876, -4.297879 ], [ -45.924696, -4.298001 ], [ -45.924696, -4.298001 ], [ -45.924605, -4.298062 ], [ -45.924605, -4.298062 ], [ -45.924515, -4.298122 ], [ -45.924515, -4.298122 ], [ -45.924477, -4.298066 ], [ -45.924477, -4.298066 ], [ -45.924439, -4.29801 ], [ -45.924439, -4.29801 ], [ -45.924401, -4.297954 ], [ -45.924401, -4.297954 ], [ -45.924363, -4.297897 ], [ -45.924363, -4.297897 ], [ -45.924546, -4.297776 ], [ -45.924546, -4.297776 ], [ -45.924728, -4.297655 ], [ -45.924728, -4.297655 ] ] ] } },
{ "type": "Feature", "properties": { "WKT": "POLYGON ((-45.925795 -4.292012,-45.925795 -4.292012,-45.927744 -4.294503,-45.927744 -4.294503,-45.926671 -4.295273,-45.926671 -4.295273,-45.925665 -4.295554,-45.925665 -4.295554,-45.925037 -4.295592,-45.925037 -4.295592,-45.924523 -4.296049,-45.924523 -4.296049,-45.92145 -4.297542,-45.92145 -4.297542,-45.921322 -4.297271,-45.921322 -4.297271,-45.920679 -4.295047,-45.920679 -4.295047,-45.922949 -4.294177,-45.922949 -4.294177,-45.925384 -4.291486,-45.925384 -4.291486,-45.925795 -4.292012,-45.925795 -4.292012))", "polygon_id": "11898517", "#NR_UNCO_OPR": "20233453152021378", "#NRO_PROP": "567605301", "#CD_CLI": "106428465", "#NM_CLI": "JOSE NAGIB DE SOUSA SANTOS", "#NR_REF_RCR": "231803531", "#NRO_OPER": "4000257", "#SGL_SIST_RSPV_CNDU": "XER", "#CD_TIP_OBJ_NEG_CRD": "1", "#NR_OBJ_NEG_CRD": "567605301", "#SG_SIS_CDTR": "COP", "#CD_PRF_DEPE_CDTR": "5676", "#NR_SEQL_OBJ_NEG": "3", "#NR_UTZO_GER": "11898517", "#CD_LCZC_ACT_BC": "0", "#COD_MUNC": "80500", "#ARE_IMOV_LCZO_ITEM": "47.48", "#COD_BEM": "542098676", "#SEQ_CESS_IMOV": "", "#COD_NMRO_ICRA": "1020160072428", "#CD_CEND": "100002333", "#CD_REG_CAR": "MA2110005A718415954484666B7E45A5660D0B189", "#F_CLTE_PROP_PRINC": "106428465" }, "geometry": { "type": "Polygon", "coordinates": [ [ [ -45.925795, -4.292012 ], [ -45.925795, -4.292012 ], [ -45.927744, -4.294503 ], [ -45.927744, -4.294503 ], [ -45.926671, -4.295273 ], [ -45.926671, -4.295273 ], [ -45.925665, -4.295554 ], [ -45.925665, -4.295554 ], [ -45.925037, -4.295592 ], [ -45.925037, -4.295592 ], [ -45.924523, -4.296049 ], [ -45.924523, -4.296049 ], [ -45.92145, -4.297542 ], [ -45.92145, -4.297542 ], [ -45.921322, -4.297271 ], [ -45.921322, -4.297271 ], [ -45.920679, -4.295047 ], [ -45.920679, -4.295047 ], [ -45.922949, -4.294177 ], [ -45.922949, -4.294177 ], [ -45.925384, -4.291486 ], [ -45.925384, -4.291486 ], [ -45.925795, -4.292012 ], [ -45.925795, -4.292012 ] ] ] } },
{ "type": "Feature", "properties": { "WKT": "POLYGON ((-45.836507 -4.255697,-45.837012 -4.253951,-45.837721 -4.251592,-45.838347 -4.25202,-45.839295 -4.252036,-45.840289 -4.252209,-45.840998 -4.252511,-45.841804 -4.252355,-45.842366 -4.252921,-45.843334 -4.253299,-45.843409 -4.254195,-45.843733 -4.25459,-45.843203 -4.255737,-45.841078 -4.25716,-45.836507 -4.255697))", "polygon_id": "12418927", "#NR_UNCO_OPR": "20240674697421179", "#NRO_PROP": "567605357", "#CD_CLI": "464266540", "#NM_CLI": "DENILSON FELIX LAGO", "#NR_REF_RCR": "240228543", "#NRO_OPER": "567601454", "#SGL_SIST_RSPV_CNDU": "COP", "#CD_TIP_OBJ_NEG_CRD": "1", "#NR_OBJ_NEG_CRD": "567605357", "#SG_SIS_CDTR": "COP", "#CD_PRF_DEPE_CDTR": "5676", "#NR_SEQL_OBJ_NEG": "1", "#NR_UTZO_GER": "12418927", "#CD_LCZC_ACT_BC": "0", "#COD_MUNC": "80500", "#ARE_IMOV_LCZO_ITEM": "57.74", "#COD_BEM": "536918916", "#SEQ_CESS_IMOV": "", "#COD_NMRO_ICRA": "9511109549778", "#CD_CEND": "100002334", "#CD_REG_CAR": "MA21100057394E0491C294963BB42067A61DF8325", "#F_CLTE_PROP_PRINC": "464266540" }, "geometry": { "type": "Polygon", "coordinates": [ [ [ -45.836507, -4.255697 ], [ -45.837012, -4.253951 ], [ -45.837721, -4.251592 ], [ -45.838347, -4.25202 ], [ -45.839295, -4.252036 ], [ -45.840289, -4.252209 ], [ -45.840998, -4.252511 ], [ -45.841804, -4.252355 ], [ -45.842366, -4.252921 ], [ -45.843334, -4.253299 ], [ -45.843409, -4.254195 ], [ -45.843733, -4.25459 ], [ -45.843203, -4.255737 ], [ -45.841078, -4.25716 ], [ -45.836507, -4.255697 ] ] ] } },
{ "type": "Feature", "properties": { "WKT": "POLYGON ((-45.890051 -4.234735,-45.890051 -4.234735,-45.893852 -4.222621,-45.893852 -4.222621,-45.896688 -4.22362,-45.896688 -4.22362,-45.895632 -4.228091,-45.895632 -4.228091,-45.895302 -4.229889,-45.895302 -4.229889,-45.893943 -4.230604,-45.893943 -4.230604,-45.893772 -4.23186,-45.893772 -4.23186,-45.894739 -4.233392,-45.894739 -4.233392,-45.895698 -4.232857,-45.895698 -4.232857,-45.896224 -4.233737,-45.896224 -4.233737,-45.890498 -4.235105,-45.890498 -4.235105,-45.890051 -4.234735,-45.890051 -4.234735))", "polygon_id": "12662212", "#NR_UNCO_OPR": "20241103392721612", "#NRO_PROP": "567605390", "#CD_CLI": "515860939", "#NM_CLI": "WALLISON ALMEIDA SOUSA", "#NR_REF_RCR": "240420403", "#NRO_OPER": "4000259", "#SGL_SIST_RSPV_CNDU": "XER", "#CD_TIP_OBJ_NEG_CRD": "1", "#NR_OBJ_NEG_CRD": "567605390", "#SG_SIS_CDTR": "COP", "#CD_PRF_DEPE_CDTR": "5676", "#NR_SEQL_OBJ_NEG": "3", "#NR_UTZO_GER": "12662212", "#CD_LCZC_ACT_BC": "0", "#COD_MUNC": "80500", "#ARE_IMOV_LCZO_ITEM": "78.11", "#COD_BEM": "540164926", "#SEQ_CESS_IMOV": "", "#COD_NMRO_ICRA": "9999546960307", "#CD_CEND": "100002334", "#CD_REG_CAR": "MA21100055A0B5B2D86F340DDB136F154D5D58FEF", "#F_CLTE_PROP_PRINC": "515860939" }, "geometry": { "type": "Polygon", "coordinates": [ [ [ -45.890051, -4.234735 ], [ -45.890051, -4.234735 ], [ -45.893852, -4.222621 ], [ -45.893852, -4.222621 ], [ -45.896688, -4.22362 ], [ -45.896688, -4.22362 ], [ -45.895632, -4.228091 ], [ -45.895632, -4.228091 ], [ -45.895302, -4.229889 ], [ -45.895302, -4.229889 ], [ -45.893943, -4.230604 ], [ -45.893943, -4.230604 ], [ -45.893772, -4.23186 ], [ -45.893772, -4.23186 ], [ -45.894739, -4.233392 ], [ -45.894739, -4.233392 ], [ -45.895698, -4.232857 ], [ -45.895698, -4.232857 ], [ -45.896224, -4.233737 ], [ -45.896224, -4.233737 ], [ -45.890498, -4.235105 ], [ -45.890498, -4.235105 ], [ -45.890051, -4.234735 ], [ -45.890051, -4.234735 ] ] ] } },
{ "type": "Feature", "properties": { "WKT": "POLYGON ((-45.896753 -4.237609,-45.896526 -4.237884,-45.896298 -4.238159,-45.895813 -4.237695,-45.89557 -4.237463,-45.895328 -4.237231,-45.895592 -4.237167,-45.895856 -4.237103,-45.89612 -4.237039,-45.896383 -4.236975,-45.896568 -4.237292,-45.896753 -4.237609))", "polygon_id": "12662213", "#NR_UNCO_OPR": "20241103392721612", "#NRO_PROP": "567605390", "#CD_CLI": "515860939", "#NM_CLI": "WALLISON ALMEIDA SOUSA", "#NR_REF_RCR": "240420403", "#NRO_OPER": "4000259", "#SGL_SIST_RSPV_CNDU": "XER", "#CD_TIP_OBJ_NEG_CRD": "1", "#NR_OBJ_NEG_CRD": "567605390", "#SG_SIS_CDTR": "COP", "#CD_PRF_DEPE_CDTR": "5676", "#NR_SEQL_OBJ_NEG": "2", "#NR_UTZO_GER": "12662213", "#CD_LCZC_ACT_BC": "0", "#COD_MUNC": "80500", "#ARE_IMOV_LCZO_ITEM": "78.11", "#COD_BEM": "540164926", "#SEQ_CESS_IMOV": "", "#COD_NMRO_ICRA": "9999546960307", "#CD_CEND": "100002334", "#CD_REG_CAR": "MA21100055A0B5B2D86F340DDB136F154D5D58FEF", "#F_CLTE_PROP_PRINC": "515860939" }, "geometry": { "type": "Polygon", "coordinates": [ [ [ -45.896753, -4.237609 ], [ -45.896526, -4.237884 ], [ -45.896298, -4.238159 ], [ -45.895813, -4.237695 ], [ -45.89557, -4.237463 ], [ -45.895328, -4.237231 ], [ -45.895592, -4.237167 ], [ -45.895856, -4.237103 ], [ -45.89612, -4.237039 ], [ -45.896383, -4.236975 ], [ -45.896568, -4.237292 ], [ -45.896753, -4.237609 ] ] ] } },
{ "type": "Feature", "properties": { "WKT": "POLYGON ((-45.894249 -4.237978,-45.894249 -4.237978,-45.892473 -4.236566,-45.892473 -4.236566,-45.890696 -4.235155,-45.890696 -4.235155,-45.892236 -4.23478,-45.892236 -4.23478,-45.893005 -4.234592,-45.893005 -4.234592,-45.893775 -4.234405,-45.893775 -4.234405,-45.894197 -4.235022,-45.894197 -4.235022,-45.894619 -4.235639,-45.894619 -4.235639,-45.895041 -4.236256,-45.895041 -4.236256,-45.895463 -4.236873,-45.895463 -4.236873,-45.894856 -4.237425,-45.894856 -4.237425,-45.894249 -4.237978,-45.894249 -4.237978))", "polygon_id": "12664625", "#NR_UNCO_OPR": "20241103392721612", "#NRO_PROP": "567605390", "#CD_CLI": "515860939", "#NM_CLI": "WALLISON ALMEIDA SOUSA", "#NR_REF_RCR": "240420403", "#NRO_OPER": "4000259", "#SGL_SIST_RSPV_CNDU": "XER", "#CD_TIP_OBJ_NEG_CRD": "1", "#NR_OBJ_NEG_CRD": "567605390", "#SG_SIS_CDTR": "COP", "#CD_PRF_DEPE_CDTR": "5676", "#NR_SEQL_OBJ_NEG": "1", "#NR_UTZO_GER": "12664625", "#CD_LCZC_ACT_BC": "0", "#COD_MUNC": "80500", "#ARE_IMOV_LCZO_ITEM": "78.11", "#COD_BEM": "540164926", "#SEQ_CESS_IMOV": "", "#COD_NMRO_ICRA": "9999546960307", "#CD_CEND": "100002334", "#CD_REG_CAR": "MA21100055A0B5B2D86F340DDB136F154D5D58FEF", "#F_CLTE_PROP_PRINC": "515860939" }, "geometry": { "type": "Polygon", "coordinates": [ [ [ -45.894249, -4.237978 ], [ -45.894249, -4.237978 ], [ -45.892473, -4.236566 ], [ -45.892473, -4.236566 ], [ -45.890696, -4.235155 ], [ -45.890696, -4.235155 ], [ -45.892236, -4.23478 ], [ -45.892236, -4.23478 ], [ -45.893005, -4.234592 ], [ -45.893005, -4.234592 ], [ -45.893775, -4.234405 ], [ -45.893775, -4.234405 ], [ -45.894197, -4.235022 ], [ -45.894197, -4.235022 ], [ -45.894619, -4.235639 ], [ -45.894619, -4.235639 ], [ -45.895041, -4.236256 ], [ -45.895041, -4.236256 ], [ -45.895463, -4.236873 ], [ -45.895463, -4.236873 ], [ -45.894856, -4.237425 ], [ -45.894856, -4.237425 ], [ -45.894249, -4.237978 ], [ -45.894249, -4.237978 ] ] ] } },
{ "type": "Feature", "properties": { "WKT": "POLYGON ((-45.911357 -4.267038,-45.911357 -4.267038,-45.911304 -4.267107,-45.911304 -4.267107,-45.911252 -4.267177,-45.911252 -4.267177,-45.911154 -4.267093,-45.911154 -4.267093,-45.911057 -4.267009,-45.911057 -4.267009,-45.91112 -4.266947,-45.91112 -4.266947,-45.911183 -4.266885,-45.911183 -4.266885,-45.911226 -4.266921,-45.911226 -4.266921,-45.911269 -4.266957,-45.911269 -4.266957,-45.911311 -4.266993,-45.911311 -4.266993,-45.911354 -4.267029,-45.911354 -4.267029,-45.911357 -4.267038,-45.911357 -4.267038))", "polygon_id": "12833366", "#NR_UNCO_OPR": "20241214022021215", "#NRO_PROP": "567605384", "#CD_CLI": "106428792", "#NM_CLI": "FELIPE DE OLIVEIRA PEREIRA", "#NR_REF_RCR": "240503639", "#NRO_OPER": "4000260", "#SGL_SIST_RSPV_CNDU": "XER", "#CD_TIP_OBJ_NEG_CRD": "1", "#NR_OBJ_NEG_CRD": "567605384", "#SG_SIS_CDTR": "COP", "#CD_PRF_DEPE_CDTR": "5676", "#NR_SEQL_OBJ_NEG": "3", "#NR_UTZO_GER": "12833366", "#CD_LCZC_ACT_BC": "0", "#COD_MUNC": "80500", "#ARE_IMOV_LCZO_ITEM": "57.17", "#COD_BEM": "532341571", "#SEQ_CESS_IMOV": "", "#COD_NMRO_ICRA": "9999543172502", "#CD_CEND": "100002333", "#CD_REG_CAR": "MA2110005C7F69C9A9A59432CAD9CB1C5819E5105", "#F_CLTE_PROP_PRINC": "106428792" }, "geometry": { "type": "Polygon", "coordinates": [ [ [ -45.911357, -4.267038 ], [ -45.911357, -4.267038 ], [ -45.911304, -4.267107 ], [ -45.911304, -4.267107 ], [ -45.911252, -4.267177 ], [ -45.911252, -4.267177 ], [ -45.911154, -4.267093 ], [ -45.911154, -4.267093 ], [ -45.911057, -4.267009 ], [ -45.911057, -4.267009 ], [ -45.91112, -4.266947 ], [ -45.91112, -4.266947 ], [ -45.911183, -4.266885 ], [ -45.911183, -4.266885 ], [ -45.911226, -4.266921 ], [ -45.911226, -4.266921 ], [ -45.911269, -4.266957 ], [ -45.911269, -4.266957 ], [ -45.911311, -4.266993 ], [ -45.911311, -4.266993 ], [ -45.911354, -4.267029 ], [ -45.911354, -4.267029 ], [ -45.911357, -4.267038 ], [ -45.911357, -4.267038 ] ] ] } },
{ "type": "Feature", "properties": { "WKT": "POLYGON ((-45.911564 -4.263173,-45.911564 -4.263173,-45.911503 -4.26355,-45.911503 -4.26355,-45.911457 -4.264205,-45.911457 -4.264205,-45.911564 -4.264772,-45.911564 -4.264772,-45.911687 -4.26565,-45.911687 -4.26565,-45.91164 -4.266172,-45.91164 -4.266172,-45.911454 -4.266554,-45.911454 -4.266554,-45.911151 -4.266609,-45.911151 -4.266609,-45.910942 -4.267133,-45.910942 -4.267133,-45.910268 -4.268072,-45.910268 -4.268072,-45.906057 -4.265121,-45.906057 -4.265121,-45.906532 -4.264625,-45.906532 -4.264625,-45.907435 -4.262849,-45.907435 -4.262849,-45.907757 -4.262277,-45.907757 -4.262277,-45.91161 -4.263076,-45.91161 -4.263076,-45.911564 -4.263173,-45.911564 -4.263173))", "polygon_id": "12834061", "#NR_UNCO_OPR": "20241214022021215", "#NRO_PROP": "567605384", "#CD_CLI": "106428792", "#NM_CLI": "FELIPE DE OLIVEIRA PEREIRA", "#NR_REF_RCR": "240503639", "#NRO_OPER": "4000260", "#SGL_SIST_RSPV_CNDU": "XER", "#CD_TIP_OBJ_NEG_CRD": "1", "#NR_OBJ_NEG_CRD": "567605384", "#SG_SIS_CDTR": "COP", "#CD_PRF_DEPE_CDTR": "5676", "#NR_SEQL_OBJ_NEG": "2", "#NR_UTZO_GER": "12834061", "#CD_LCZC_ACT_BC": "0", "#COD_MUNC": "80500", "#ARE_IMOV_LCZO_ITEM": "57.17", "#COD_BEM": "532341571", "#SEQ_CESS_IMOV": "", "#COD_NMRO_ICRA": "9999543172502", "#CD_CEND": "100002333", "#CD_REG_CAR": "MA2110005C7F69C9A9A59432CAD9CB1C5819E5105", "#F_CLTE_PROP_PRINC": "106428792" }, "geometry": { "type": "Polygon", "coordinates": [ [ [ -45.911564, -4.263173 ], [ -45.911564, -4.263173 ], [ -45.911503, -4.26355 ], [ -45.911503, -4.26355 ], [ -45.911457, -4.264205 ], [ -45.911457, -4.264205 ], [ -45.911564, -4.264772 ], [ -45.911564, -4.264772 ], [ -45.911687, -4.26565 ], [ -45.911687, -4.26565 ], [ -45.91164, -4.266172 ], [ -45.91164, -4.266172 ], [ -45.911454, -4.266554 ], [ -45.911454, -4.266554 ], [ -45.911151, -4.266609 ], [ -45.911151, -4.266609 ], [ -45.910942, -4.267133 ], [ -45.910942, -4.267133 ], [ -45.910268, -4.268072 ], [ -45.910268, -4.268072 ], [ -45.906057, -4.265121 ], [ -45.906057, -4.265121 ], [ -45.906532, -4.264625 ], [ -45.906532, -4.264625 ], [ -45.907435, -4.262849 ], [ -45.907435, -4.262849 ], [ -45.907757, -4.262277 ], [ -45.907757, -4.262277 ], [ -45.91161, -4.263076 ], [ -45.91161, -4.263076 ], [ -45.911564, -4.263173 ], [ -45.911564, -4.263173 ] ] ] } },
{ "type": "Feature", "properties": { "WKT": "POLYGON ((-45.911564 -4.263173,-45.911564 -4.263173,-45.911503 -4.26355,-45.911503 -4.26355,-45.911457 -4.264205,-45.911457 -4.264205,-45.911564 -4.264772,-45.911564 -4.264772,-45.911687 -4.26565,-45.911687 -4.26565,-45.91164 -4.266172,-45.91164 -4.266172,-45.911454 -4.266554,-45.911454 -4.266554,-45.911151 -4.266609,-45.911151 -4.266609,-45.910942 -4.267133,-45.910942 -4.267133,-45.910268 -4.268072,-45.910268 -4.268072,-45.906057 -4.265121,-45.906057 -4.265121,-45.906532 -4.264625,-45.906532 -4.264625,-45.907435 -4.262849,-45.907435 -4.262849,-45.907757 -4.262277,-45.907757 -4.262277,-45.91161 -4.263076,-45.91161 -4.263076,-45.911564 -4.263173,-45.911564 -4.263173))", "polygon_id": "12835351", "#NR_UNCO_OPR": "20241214022021215", "#NRO_PROP": "567605384", "#CD_CLI": "106428792", "#NM_CLI": "FELIPE DE OLIVEIRA PEREIRA", "#NR_REF_RCR": "240503639", "#NRO_OPER": "4000260", "#SGL_SIST_RSPV_CNDU": "XER", "#CD_TIP_OBJ_NEG_CRD": "1", "#NR_OBJ_NEG_CRD": "567605384", "#SG_SIS_CDTR": "COP", "#CD_PRF_DEPE_CDTR": "5676", "#NR_SEQL_OBJ_NEG": "4", "#NR_UTZO_GER": "12835351", "#CD_LCZC_ACT_BC": "0", "#COD_MUNC": "80500", "#ARE_IMOV_LCZO_ITEM": "57.17", "#COD_BEM": "532341571", "#SEQ_CESS_IMOV": "", "#COD_NMRO_ICRA": "9999543172502", "#CD_CEND": "100002333", "#CD_REG_CAR": "MA2110005C7F69C9A9A59432CAD9CB1C5819E5105", "#F_CLTE_PROP_PRINC": "106428792" }, "geometry": { "type": "Polygon", "coordinates": [ [ [ -45.911564, -4.263173 ], [ -45.911564, -4.263173 ], [ -45.911503, -4.26355 ], [ -45.911503, -4.26355 ], [ -45.911457, -4.264205 ], [ -45.911457, -4.264205 ], [ -45.911564, -4.264772 ], [ -45.911564, -4.264772 ], [ -45.911687, -4.26565 ], [ -45.911687, -4.26565 ], [ -45.91164, -4.266172 ], [ -45.91164, -4.266172 ], [ -45.911454, -4.266554 ], [ -45.911454, -4.266554 ], [ -45.911151, -4.266609 ], [ -45.911151, -4.266609 ], [ -45.910942, -4.267133 ], [ -45.910942, -4.267133 ], [ -45.910268, -4.268072 ], [ -45.910268, -4.268072 ], [ -45.906057, -4.265121 ], [ -45.906057, -4.265121 ], [ -45.906532, -4.264625 ], [ -45.906532, -4.264625 ], [ -45.907435, -4.262849 ], [ -45.907435, -4.262849 ], [ -45.907757, -4.262277 ], [ -45.907757, -4.262277 ], [ -45.91161, -4.263076 ], [ -45.91161, -4.263076 ], [ -45.911564, -4.263173 ], [ -45.911564, -4.263173 ] ] ] } },
{ "type": "Feature", "properties": { "WKT": "POLYGON ((-45.814863 -4.244631,-45.814742 -4.242036,-45.814621 -4.239442,-45.815651 -4.237578,-45.816682 -4.235715,-45.821868 -4.237156,-45.827054 -4.238598,-45.825688 -4.239695,-45.824321 -4.240793,-45.822955 -4.24189,-45.821589 -4.242987,-45.814863 -4.244631))", "polygon_id": "13265350", "#NR_UNCO_OPR": "20241785545221214", "#NRO_PROP": "567605461", "#CD_CLI": "505660370", "#NM_CLI": "ANTONIO MANOEL DE SOUSA", "#NR_REF_RCR": "240845358", "#NRO_OPER": "567601512", "#SGL_SIST_RSPV_CNDU": "COP", "#CD_TIP_OBJ_NEG_CRD": "1", "#NR_OBJ_NEG_CRD": "567605461", "#SG_SIS_CDTR": "COP", "#CD_PRF_DEPE_CDTR": "5676", "#NR_SEQL_OBJ_NEG": "1", "#NR_UTZO_GER": "13265350", "#CD_LCZC_ACT_BC": "0", "#COD_MUNC": "80500", "#ARE_IMOV_LCZO_ITEM": "141.79", "#COD_BEM": "536894018", "#SEQ_CESS_IMOV": "", "#COD_NMRO_ICRA": "9501573253177", "#CD_CEND": "100002334", "#CD_REG_CAR": "MA211000585BD2280253545FEA66C8D6EC630CC84", "#F_CLTE_PROP_PRINC": "505660370" }, "geometry": { "type": "Polygon", "coordinates": [ [ [ -45.814863, -4.244631 ], [ -45.814742, -4.242036 ], [ -45.814621, -4.239442 ], [ -45.815651, -4.237578 ], [ -45.816682, -4.235715 ], [ -45.821868, -4.237156 ], [ -45.827054, -4.238598 ], [ -45.825688, -4.239695 ], [ -45.824321, -4.240793 ], [ -45.822955, -4.24189 ], [ -45.821589, -4.242987 ], [ -45.814863, -4.244631 ] ] ] } },
{ "type": "Feature", "properties": { "WKT": "POLYGON ((-46.053899 -4.120695,-46.053899 -4.120695,-46.0522 -4.121728,-46.0522 -4.121728,-46.050501 -4.12276,-46.050501 -4.12276,-46.049968 -4.121652,-46.049968 -4.121652,-46.049435 -4.120543,-46.049435 -4.120543,-46.051115 -4.119553,-46.051115 -4.119553,-46.052795 -4.118563,-46.052795 -4.118563,-46.053071 -4.119094,-46.053071 -4.119094,-46.053347 -4.119624,-46.053347 -4.119624,-46.053623 -4.120155,-46.053623 -4.120155,-46.053899 -4.120686,-46.053899 -4.120686,-46.053899 -4.120695,-46.053899 -4.120695))", "polygon_id": "14828797", "#NR_UNCO_OPR": "20242756397321820", "#NRO_PROP": "567605547", "#CD_CLI": "910729856", "#NM_CLI": "RAIMUNDO PEREIRA DA ROCHA", "#NR_REF_RCR": "241467751", "#NRO_OPER": "4000262", "#SGL_SIST_RSPV_CNDU": "XER", "#CD_TIP_OBJ_NEG_CRD": "1", "#NR_OBJ_NEG_CRD": "567605547", "#SG_SIS_CDTR": "COP", "#CD_PRF_DEPE_CDTR": "5676", "#NR_SEQL_OBJ_NEG": "2", "#NR_UTZO_GER": "14828797", "#CD_LCZC_ACT_BC": "0", "#COD_MUNC": "80500", "#ARE_IMOV_LCZO_ITEM": "44.3", "#COD_BEM": "539403533", "#SEQ_CESS_IMOV": "", "#COD_NMRO_ICRA": "9511103843054", "#CD_CEND": "100002336", "#CD_REG_CAR": "MA2110005ADBF147DE44E402384BC558B8D2989AD", "#F_CLTE_PROP_PRINC": "910729856" }, "geometry": { "type": "Polygon", "coordinates": [ [ [ -46.053899, -4.120695 ], [ -46.053899, -4.120695 ], [ -46.0522, -4.121728 ], [ -46.0522, -4.121728 ], [ -46.050501, -4.12276 ], [ -46.050501, -4.12276 ], [ -46.049968, -4.121652 ], [ -46.049968, -4.121652 ], [ -46.049435, -4.120543 ], [ -46.049435, -4.120543 ], [ -46.051115, -4.119553 ], [ -46.051115, -4.119553 ], [ -46.052795, -4.118563 ], [ -46.052795, -4.118563 ], [ -46.053071, -4.119094 ], [ -46.053071, -4.119094 ], [ -46.053347, -4.119624 ], [ -46.053347, -4.119624 ], [ -46.053623, -4.120155 ], [ -46.053623, -4.120155 ], [ -46.053899, -4.120686 ], [ -46.053899, -4.120686 ], [ -46.053899, -4.120695 ], [ -46.053899, -4.120695 ] ] ] } },
{ "type": "Feature", "properties": { "WKT": "POLYGON ((-46.051862 -4.124702,-46.051348 -4.123784,-46.050834 -4.122865,-46.052514 -4.121823,-46.054194 -4.120781,-46.054789 -4.121718,-46.055383 -4.122656,-46.054508 -4.123179,-46.053632 -4.123703,-46.052757 -4.124226,-46.051881 -4.12475,-46.051862 -4.124702))", "polygon_id": "14830640", "#NR_UNCO_OPR": "20242756397321820", "#NRO_PROP": "567605547", "#CD_CLI": "910729856", "#NM_CLI": "RAIMUNDO PEREIRA DA ROCHA", "#NR_REF_RCR": "241467751", "#NRO_OPER": "4000262", "#SGL_SIST_RSPV_CNDU": "XER", "#CD_TIP_OBJ_NEG_CRD": "1", "#NR_OBJ_NEG_CRD": "567605547", "#SG_SIS_CDTR": "COP", "#CD_PRF_DEPE_CDTR": "5676", "#NR_SEQL_OBJ_NEG": "1", "#NR_UTZO_GER": "14830640", "#CD_LCZC_ACT_BC": "0", "#COD_MUNC": "80500", "#ARE_IMOV_LCZO_ITEM": "44.3", "#COD_BEM": "539403533", "#SEQ_CESS_IMOV": "", "#COD_NMRO_ICRA": "9511103843054", "#CD_CEND": "100002336", "#CD_REG_CAR": "MA2110005ADBF147DE44E402384BC558B8D2989AD", "#F_CLTE_PROP_PRINC": "910729856" }, "geometry": { "type": "Polygon", "coordinates": [ [ [ -46.051862, -4.124702 ], [ -46.051348, -4.123784 ], [ -46.050834, -4.122865 ], [ -46.052514, -4.121823 ], [ -46.054194, -4.120781 ], [ -46.054789, -4.121718 ], [ -46.055383, -4.122656 ], [ -46.054508, -4.123179 ], [ -46.053632, -4.123703 ], [ -46.052757, -4.124226 ], [ -46.051881, -4.12475 ], [ -46.051862, -4.124702 ] ] ] } },
{ "type": "Feature", "properties": { "WKT": "POLYGON ((-46.051166 -4.124541,-46.051166 -4.124541,-46.051326 -4.124473,-46.051326 -4.124473,-46.051486 -4.124404,-46.051486 -4.124404,-46.051594 -4.124604,-46.051594 -4.124604,-46.051649 -4.124704,-46.051649 -4.124704,-46.051703 -4.124804,-46.051703 -4.124804,-46.051634 -4.124848,-46.051634 -4.124848,-46.051566 -4.124892,-46.051566 -4.124892,-46.051497 -4.124935,-46.051497 -4.124935,-46.051429 -4.124979,-46.051429 -4.124979,-46.051297 -4.12476,-46.051297 -4.12476,-46.051166 -4.124541,-46.051166 -4.124541))", "polygon_id": "14830641", "#NR_UNCO_OPR": "20242756397321820", "#NRO_PROP": "567605547", "#CD_CLI": "910729856", "#NM_CLI": "RAIMUNDO PEREIRA DA ROCHA", "#NR_REF_RCR": "241467751", "#NRO_OPER": "4000262", "#SGL_SIST_RSPV_CNDU": "XER", "#CD_TIP_OBJ_NEG_CRD": "1", "#NR_OBJ_NEG_CRD": "567605547", "#SG_SIS_CDTR": "COP", "#CD_PRF_DEPE_CDTR": "5676", "#NR_SEQL_OBJ_NEG": "3", "#NR_UTZO_GER": "14830641", "#CD_LCZC_ACT_BC": "0", "#COD_MUNC": "80500", "#ARE_IMOV_LCZO_ITEM": "44.3", "#COD_BEM": "539403533", "#SEQ_CESS_IMOV": "", "#COD_NMRO_ICRA": "9511103843054", "#CD_CEND": "100002336", "#CD_REG_CAR": "MA2110005ADBF147DE44E402384BC558B8D2989AD", "#F_CLTE_PROP_PRINC": "910729856" }, "geometry": { "type": "Polygon", "coordinates": [ [ [ -46.051166, -4.124541 ], [ -46.051166, -4.124541 ], [ -46.051326, -4.124473 ], [ -46.051326, -4.124473 ], [ -46.051486, -4.124404 ], [ -46.051486, -4.124404 ], [ -46.051594, -4.124604 ], [ -46.051594, -4.124604 ], [ -46.051649, -4.124704 ], [ -46.051649, -4.124704 ], [ -46.051703, -4.124804 ], [ -46.051703, -4.124804 ], [ -46.051634, -4.124848 ], [ -46.051634, -4.124848 ], [ -46.051566, -4.124892 ], [ -46.051566, -4.124892 ], [ -46.051497, -4.124935 ], [ -46.051497, -4.124935 ], [ -46.051429, -4.124979 ], [ -46.051429, -4.124979 ], [ -46.051297, -4.12476 ], [ -46.051297, -4.12476 ], [ -46.051166, -4.124541 ], [ -46.051166, -4.124541 ] ] ] } }
]
}
